frontend_sha	client	operation_id	http_method	path	usage	call_sites
5eab200650ecc2f111b94fea31f56a2f50a6ad22	internal	fetchCNAGenesUsingPOST	POST	/api/cna-genes/fetch	production	src/pages/patientView/mrna/ReferenceCohortModal.tsx:445
5eab200650ecc2f111b94fea31f56a2f50a6ad22	internal	fetchClinicalDataClinicalTableUsingPOST	POST	/api/clinical-data-table/fetch	production	src/pages/studyView/StudyViewUtils.tsx:3341
5eab200650ecc2f111b94fea31f56a2f50a6ad22	internal	fetchClinicalDataCountsUsingPOST	POST	/api/clinical-data-counts/fetch	production	src/pages/patientView/mrna/ReferenceCohortModal.tsx:349
5eab200650ecc2f111b94fea31f56a2f50a6ad22	internal	fetchCoExpressionsUsingPOST	POST	/api/molecular-profiles/co-expressions/fetch	production	src/pages/patientView/clinicalInformation/PatientViewPlotsStore.ts:932,src/pages/resultsView/coExpression/CoExpressionTab.tsx:321
5eab200650ecc2f111b94fea31f56a2f50a6ad22	internal	fetchCopyNumberCountsUsingPOST	POST	/api/molecular-profiles/{molecularProfileId}/discrete-copy-number-counts/fetch	production	src/pages/patientView/clinicalInformation/CopyNumberCountCache.ts:22,src/shared/lib/StoreUtils.ts:697
5eab200650ecc2f111b94fea31f56a2f50a6ad22	internal	fetchCorrelatedGenesUsingPOST	POST	/api/genesets/{genesetId}/expression-correlation/fetch	production+test	src/shared/cache/GenesetCorrelatedGeneCache.spec.ts:115,src/shared/cache/GenesetCorrelatedGeneCache.spec.ts:12,src/shared/cache/GenesetCorrelatedGeneCache.spec.ts:137,src/shared/cache/GenesetCorrelatedGeneCache.spec.ts:17,src/shared/cache/GenesetCorrelatedGeneCache.spec.ts:194,src/shared/cache/GenesetCorrelatedGeneCache.spec.ts:252,src/shared/cache/GenesetCorrelatedGeneCache.spec.ts:315,src/shared/cache/GenesetCorrelatedGeneCache.spec.ts:66,src/shared/cache/GenesetCorrelatedGeneCache.ts:25
5eab200650ecc2f111b94fea31f56a2f50a6ad22	internal	fetchFilteredSamplesUsingPOST	POST	/api/filtered-samples/fetch	production	src/pages/patientView/clinicalInformation/PatientViewPlotsStore.ts:854,src/pages/patientView/mrna/ReferenceCohortModal.tsx:413,src/pages/studyView/StudyViewUtils.tsx:2681
5eab200650ecc2f111b94fea31f56a2f50a6ad22	internal	fetchGenericAssayDataCountsUsingPOST	POST	/api/generic-assay-data-counts/fetch	production	src/pages/studyView/StudyViewUtils.tsx:4638
5eab200650ecc2f111b94fea31f56a2f50a6ad22	internal	fetchGenesetHierarchyInfoUsingPOST	POST	/api/geneset-hierarchy/fetch	production	src/shared/lib/StoreUtils.ts:1402
5eab200650ecc2f111b94fea31f56a2f50a6ad22	internal	fetchGenesetsUsingPOST	POST	/api/genesets/fetch	production	src/pages/resultsView/ResultsViewPageStore.ts:4787,src/pages/resultsView/ResultsViewPageStore.ts:4891,src/pages/resultsView/coExpression/CoExpressionTab.tsx:340,src/shared/cache/GenesetCache.ts:14,src/shared/components/query/QueryStore.ts:1311
5eab200650ecc2f111b94fea31f56a2f50a6ad22	internal	fetchGeneticDataItemsUsingPOST	POST	/api/genetic-profiles/{geneticProfileId}/geneset-genetic-data/fetch	production	src/pages/resultsView/ResultsViewPageStore.ts:5713,src/shared/cache/GenesetMolecularDataCache.ts:76
5eab200650ecc2f111b94fea31f56a2f50a6ad22	internal	fetchGenomicDataCountsUsingPOST	POST	/api/genomic-data-counts/fetch	production	src/pages/studyView/StudyViewUtils.tsx:4778
5eab200650ecc2f111b94fea31f56a2f50a6ad22	internal	fetchMrnaPercentileUsingPOST	POST	/api/molecular-profiles/{molecularProfileId}/mrna-percentile/fetch	production	src/pages/patientView/clinicalInformation/PatientViewPlotsStore.ts:1147,src/shared/cache/MrnaExprRankCache.ts:27
5eab200650ecc2f111b94fea31f56a2f50a6ad22	internal	fetchMutatedGenesUsingPOST	POST	/api/mutated-genes/fetch	production	src/pages/patientView/clinicalInformation/PatientViewPlotsStore.ts:764,src/pages/patientView/mrna/ReferenceCohortModal.tsx:439
5eab200650ecc2f111b94fea31f56a2f50a6ad22	internal	fetchMutationCountsByPositionUsingPOST	POST	/api/mutation-counts-by-position/fetch	production	src/pages/staticPages/tools/oncoprinter/OncoprinterStore.ts:546,src/shared/lib/comparison/AnalysisStore.ts:302
5eab200650ecc2f111b94fea31f56a2f50a6ad22	internal	fetchMutationDataCountsUsingPOST	POST	/api/mutation-data-counts/fetch	production	src/pages/studyView/StudyViewUtils.tsx:4691,src/pages/studyView/StudyViewUtils.tsx:4771,src/pages/studyView/StudyViewUtils.tsx:4834
5eab200650ecc2f111b94fea31f56a2f50a6ad22	internal	fetchMutationSpectrumsUsingPOST	POST	/api/molecular-profiles/{molecularProfileId}/mutation-spectrums/fetch	production	src/shared/cache/ClinicalDataCache.ts:199
5eab200650ecc2f111b94fea31f56a2f50a6ad22	internal	fetchNamespaceDataCountsUsingPOST	POST	/api/namespace-data-counts/fetch	production	src/pages/studyView/StudyViewUtils.tsx:4881
5eab200650ecc2f111b94fea31f56a2f50a6ad22	internal	fetchReferenceGenomeGenesUsingPOST	POST	/api/reference-genome-genes/{genomeName}/fetch	production	src/shared/lib/StoreUtils.ts:229
5eab200650ecc2f111b94fea31f56a2f50a6ad22	internal	fetchResourceDefinitionsUsingPOST	POST	/api/resource-definitions/fetch	production	src/shared/components/query/QueryStore.ts:1613
5eab200650ecc2f111b94fea31f56a2f50a6ad22	internal	fetchStructuralVariantGenesUsingPOST	POST	/api/structuralvariant-genes/fetch	production	src/pages/patientView/mrna/ReferenceCohortModal.tsx:462
5eab200650ecc2f111b94fea31f56a2f50a6ad22	internal	fetchStructuralVariantsUsingPOST	POST	/api/structural-variant/fetch	production	src/pages/patientView/clinicalInformation/PatientViewPageStore.ts:2571,src/pages/resultsView/ResultsViewPageStore.ts:3448,src/pages/resultsView/ResultsViewPageStore.ts:5887,src/pages/resultsView/ResultsViewPageStore.ts:5942,src/pages/studyView/StudyViewComparisonUtils.ts:153
5eab200650ecc2f111b94fea31f56a2f50a6ad22	internal	fetchVariantCountsUsingPOST	POST	/api/molecular-profiles/{molecularProfileId}/variant-counts/fetch	production	src/shared/cache/VariantCountCache.ts:22
5eab200650ecc2f111b94fea31f56a2f50a6ad22	internal	getAllClinicalEventsOfPatientInStudyUsingGET	GET	/api/studies/{studyId}/patients/{patientId}/clinical-events	production	src/pages/patientView/clinicalInformation/PatientViewPageStore.ts:2326
5eab200650ecc2f111b94fea31f56a2f50a6ad22	internal	getAllPatientTreatmentsUsingPOST	POST	/api/treatments/patient	production	src/pages/studyView/StudyViewUtils.tsx:5672
5eab200650ecc2f111b94fea31f56a2f50a6ad22	internal	getAllReferenceGenomeGenesUsingGET	GET	/api/reference-genome-genes/{genomeName}	production	src/shared/lib/StoreUtils.ts:262,src/shared/lib/StoreUtils.ts:274
5eab200650ecc2f111b94fea31f56a2f50a6ad22	internal	getAllResourceDataOfPatientInStudyUsingGET	GET	/api/studies/{studyId}/patients/{patientId}/resource-data	production	src/pages/patientView/clinicalInformation/PatientViewPageStore.ts:1875
5eab200650ecc2f111b94fea31f56a2f50a6ad22	internal	getAllResourceDataOfSampleInStudyUsingGET	GET	/api/studies/{studyId}/samples/{sampleId}/resource-data	production	src/pages/patientView/clinicalInformation/PatientViewPageStore.ts:1846
5eab200650ecc2f111b94fea31f56a2f50a6ad22	internal	getAllResourceDefinitionsInStudyUsingGET	GET	/api/studies/{studyId}/resource-definitions	production	src/pages/patientView/clinicalInformation/PatientViewPageStore.ts:1792
5eab200650ecc2f111b94fea31f56a2f50a6ad22	internal	getAllSampleTreatmentsUsingPOST	POST	/api/treatments/sample	production	src/pages/studyView/StudyViewUtils.tsx:5697
5eab200650ecc2f111b94fea31f56a2f50a6ad22	internal	getAllStudyResourceDataInStudyPatientSampleUsingGET	GET	/api/studies/{studyId}/resource-data-all	production	src/pages/studyView/resources/FilesAndLinks.tsx:41
5eab200650ecc2f111b94fea31f56a2f50a6ad22	internal	getAllStudyResourceDataInStudyUsingGET	GET	/api/studies/{studyId}/resource-data	production	src/pages/patientView/clinicalInformation/PatientViewPageStore.ts:1815
5eab200650ecc2f111b94fea31f56a2f50a6ad22	internal	getClinicalAttributeCountsUsingPOST	POST	/api/clinical-attributes/counts/fetch	production	src/pages/resultsView/ResultsViewPageStore.ts:1274
5eab200650ecc2f111b94fea31f56a2f50a6ad22	internal	getSignificantCopyNumberRegionsUsingGET	GET	/api/studies/{studyId}/significant-copy-number-regions	production	src/shared/components/query/QueryStore.ts:1218,src/shared/lib/StoreUtils.ts:653
5eab200650ecc2f111b94fea31f56a2f50a6ad22	internal	getSignificantlyMutatedGenesUsingGET	GET	/api/studies/{studyId}/significantly-mutated-genes	production	src/shared/components/query/QueryStore.ts:1206,src/shared/lib/StoreUtils.ts:633
5eab200650ecc2f111b94fea31f56a2f50a6ad22	public	fetchAllClinicalDataInStudyUsingPOST	POST	/api/studies/{studyId}/clinical-data/fetch	production	src/shared/lib/StoreUtils.ts:372,src/shared/lib/comparison/AnalysisStore.ts:404
5eab200650ecc2f111b94fea31f56a2f50a6ad22	public	fetchAllMolecularDataInMolecularProfileUsingPOST	POST	/api/molecular-profiles/{molecularProfileId}/molecular-data/fetch	production	src/pages/patientView/clinicalInformation/PatientViewPlotsStore.ts:1056,src/pages/patientView/clinicalInformation/PatientViewPlotsStore.ts:1094,src/pages/resultsView/ResultsViewPageStore.ts:1877,src/pages/resultsView/ResultsViewPageStore.ts:5762,src/pages/resultsView/enrichments/ExpressionEnrichmentsBoxPlot.tsx:205,src/shared/cache/GeneMolecularDataCache.ts:45,src/shared/components/plots/PlotsTabStore.ts:979
5eab200650ecc2f111b94fea31f56a2f50a6ad22	public	fetchClinicalAttributesUsingPOST	POST	/api/clinical-attributes/fetch	production	src/pages/patientView/clinicalInformation/PatientViewPageStore.ts:794,src/pages/patientView/clinicalInformation/PatientViewPlotsStore.ts:724,src/pages/resultsView/ResultsViewPageStore.ts:1155,src/pages/resultsView/ResultsViewPageStore.ts:1208,src/pages/studyView/StudyViewPageStore.ts:6845,src/pages/studyView/StudyViewQueryExtractor.ts:142,src/shared/lib/comparison/ComparisonStore.ts:2542
5eab200650ecc2f111b94fea31f56a2f50a6ad22	public	fetchClinicalDataUsingPOST	POST	/api/clinical-data/fetch	production	src/pages/groupComparison/ClinicalData.tsx:446,src/pages/studyView/StudyViewPageStore.ts:10428,src/pages/studyView/StudyViewPageStore.ts:10605,src/pages/studyView/StudyViewPageStore.ts:10637,src/pages/studyView/StudyViewPageStore.ts:1518,src/pages/studyView/StudyViewPageStore.ts:2074,src/pages/studyView/StudyViewUtils.tsx:716,src/shared/cache/ClinicalAttributeCache.ts:55,src/shared/cache/ClinicalAttributeCache.ts:63,src/shared/cache/ClinicalDataCache.ts:263,src/shared/cache/ClinicalDataForAttributesCache.ts:24,src/shared/cache/MutationCountCache.ts:26,src/shared/lib/StoreUtils.ts:1512,src/shared/lib/StoreUtils.ts:355,src/shared/lib/comparison/AnalysisStore.ts:418,src/shared/lib/comparison/ComparisonStore.ts:2526
5eab200650ecc2f111b94fea31f56a2f50a6ad22	public	fetchCopyNumberSegmentsUsingPOST	POST	/api/copy-number-segments/fetch	production	src/pages/studyView/StudyViewPageStore.ts:10217,src/shared/lib/StoreUtils.ts:405,src/shared/lib/StoreUtils.ts:423
5eab200650ecc2f111b94fea31f56a2f50a6ad22	public	fetchDiscreteCopyNumbersInMolecularProfileUsingPOST	POST	/api/molecular-profiles/{molecularProfileId}/discrete-copy-number/fetch	production	src/pages/resultsView/ResultsViewPageStore.ts:3281,src/shared/cache/DiscreteCNACache.ts:60,src/shared/components/plots/PlotsTabStore.ts:638,src/shared/lib/StoreUtils.ts:1001
5eab200650ecc2f111b94fea31f56a2f50a6ad22	public	fetchGenePanelDataInMultipleMolecularProfilesUsingPOST	POST	/api/gene-panel-data/fetch	production	src/pages/groupComparison/GroupComparisonStore.ts:416,src/pages/patientView/clinicalInformation/PatientViewPageStore.ts:2442,src/pages/resultsView/ResultsViewPageStore.ts:2284,src/pages/studyView/StudyViewUtils.tsx:3450,src/shared/components/plots/PlotsTabStore.ts:480
5eab200650ecc2f111b94fea31f56a2f50a6ad22	public	fetchGenePanelsUsingPOST	POST	/api/gene-panels/fetch	production	src/pages/patientView/clinicalInformation/PatientViewPageStore.ts:2470,src/shared/lib/GenePanelUtils.ts:159
5eab200650ecc2f111b94fea31f56a2f50a6ad22	public	fetchGenericAssayDataInMolecularProfileUsingPOST	POST	/api/generic_assay_data/{molecularProfileId}/fetch	production	src/pages/resultsView/enrichments/ExpressionEnrichmentsBoxPlot.tsx:171,src/pages/resultsView/enrichments/GenericAssayCategoricalEnrichmentsContainer.tsx:320,src/shared/lib/GenericAssayUtils/GenericAssayCommonUtils.ts:232
5eab200650ecc2f111b94fea31f56a2f50a6ad22	public	fetchGenericAssayDataInMultipleMolecularProfilesUsingPOST	POST	/api/generic_assay_data/fetch	production	src/pages/patientView/clinicalInformation/PatientViewPageStore.ts:1346,src/pages/resultsView/ResultsViewPageStore.ts:5051,src/pages/studyView/StudyViewPageStore.ts:2032,src/pages/studyView/StudyViewPageStore.ts:2205,src/pages/studyView/StudyViewUtils.tsx:3599,src/shared/lib/GenericAssayUtils/GenericAssayCommonUtils.ts:247
5eab200650ecc2f111b94fea31f56a2f50a6ad22	public	fetchGenericAssayMetaUsingPOST	POST	/api/generic_assay_meta/fetch	production	src/pages/patientView/clinicalInformation/PatientViewPageStore.ts:1464,src/pages/patientView/clinicalInformation/PatientViewPageStore.ts:1538,src/shared/lib/GenericAssayUtils/GenericAssayCommonUtils.ts:164,src/shared/lib/GenericAssayUtils/GenericAssayCommonUtils.ts:178
5eab200650ecc2f111b94fea31f56a2f50a6ad22	public	fetchGenesUsingPOST	POST	/api/genes/fetch	production	src/pages/patientView/clinicalInformation/PatientViewPageStore.ts:1142,src/pages/patientView/clinicalInformation/PatientViewPlotsStore.ts:1020,src/pages/staticPages/tools/oncoprinter/OncoprinterStore.ts:423,src/pages/studyView/StudyViewComparisonUtils.ts:125,src/pages/studyView/StudyViewComparisonUtils.ts:148,src/pages/studyView/StudyViewComparisonUtils.ts:99,src/pages/studyView/StudyViewPageStore.ts:12568,src/pages/studyView/charts/mrnaViolinPlot/MrnaViolinPlotChart.tsx:212,src/shared/cache/GeneCache.ts:14,src/shared/components/GeneSelectionBox/GeneSymbolValidator.tsx:117,src/shared/components/GeneSelectionBox/GeneSymbolValidator.tsx:93,src/shared/components/query/QueryStore.ts:1249,src/shared/components/query/QueryStore.ts:1273,src/shared/lib/StoreUtils.ts:203
5eab200650ecc2f111b94fea31f56a2f50a6ad22	public	fetchMolecularDataInMultipleMolecularProfilesUsingPOST	POST	/api/molecular-data/fetch	production	src/pages/resultsView/ResultsViewPageStore.ts:1477,src/pages/resultsView/ResultsViewPageStore.ts:1595,src/pages/resultsView/ResultsViewPageStore.ts:1663,src/pages/resultsView/download/DownloadUtils.ts:434,src/pages/studyView/StudyViewComparisonUtils.ts:129,src/pages/studyView/StudyViewUtils.tsx:3531,src/pages/studyView/charts/mrnaViolinPlot/MrnaViolinPlotChart.tsx:324,src/shared/components/plots/PlotsTabStore.ts:761
5eab200650ecc2f111b94fea31f56a2f50a6ad22	public	fetchMolecularProfilesUsingPOST	POST	/api/molecular-profiles/fetch	production	src/pages/patientView/clinicalInformation/PatientViewPageStore.ts:777,src/pages/resultsView/ResultsViewPageStore.ts:4370,src/pages/studyView/StudyViewPageStore.ts:12610,src/pages/studyView/StudyViewPageStore.ts:6326,src/shared/cache/MolecularProfilesInStudyCache.ts:20,src/shared/lib/comparison/ComparisonStore.ts:2898
5eab200650ecc2f111b94fea31f56a2f50a6ad22	public	fetchMutationsInMolecularProfileUsingPOST	POST	/api/molecular-profiles/{molecularProfileId}/mutations/fetch	production	src/pages/resultsView/ResultsViewPageStore.ts:1826,src/pages/resultsView/ResultsViewPageStore.ts:5833,src/shared/cache/MutationDataCache.ts:35,src/shared/components/plots/PlotsTabStore.ts:1085,src/shared/lib/StoreUtils.ts:158
5eab200650ecc2f111b94fea31f56a2f50a6ad22	public	fetchMutationsInMultipleMolecularProfilesUsingPOST	POST	/api/mutations/fetch	production	src/pages/groupComparison/GroupComparisonStore.ts:375,src/pages/resultsView/ResultsViewPageStore.ts:3352,src/pages/studyView/StudyViewComparisonUtils.ts:109,src/pages/studyView/StudyViewUtils.tsx:3431,src/shared/components/plots/PlotsTabStore.ts:529
5eab200650ecc2f111b94fea31f56a2f50a6ad22	public	fetchPatientsUsingPOST	POST	/api/patients/fetch	production	src/pages/resultsView/ResultsViewPageStoreUtils.ts:838
5eab200650ecc2f111b94fea31f56a2f50a6ad22	public	fetchSampleListsUsingPOST	POST	/api/sample-lists/fetch	production	src/pages/resultsView/ResultsViewPageStore.ts:3233
5eab200650ecc2f111b94fea31f56a2f50a6ad22	public	fetchSamplesUsingPOST	POST	/api/samples/fetch	production	src/pages/groupComparison/GroupComparisonStore.ts:398,src/pages/resultsView/ResultsViewPageStore.ts:4042,src/pages/resultsView/ResultsViewPageStore.ts:4061,src/pages/studyView/StudyViewPageStore.ts:2754,src/shared/components/query/QueryStore.ts:1434,src/shared/lib/StoreUtils.ts:471,src/shared/lib/StoreUtils.ts:593
5eab200650ecc2f111b94fea31f56a2f50a6ad22	public	fetchStudiesUsingPOST	POST	/api/studies/fetch	production	src/pages/patientView/clinicalInformation/PatientViewPageStore.ts:701,src/shared/lib/StoreUtils.ts:620
5eab200650ecc2f111b94fea31f56a2f50a6ad22	public	getAllCancerTypesUsingGET	GET	/api/cancer-types	production	src/shared/components/query/QueryStore.ts:639
5eab200650ecc2f111b94fea31f56a2f50a6ad22	public	getAllClinicalDataInStudyUsingGET	GET	/api/studies/{studyId}/clinical-data	production	src/pages/patientView/mrna/ReferenceCohortModal.tsx:385,src/pages/studyView/StudyViewPageStore.ts:10516,src/shared/lib/comparison/ComparisonStore.ts:2602
5eab200650ecc2f111b94fea31f56a2f50a6ad22	public	getAllClinicalDataOfPatientInStudyUsingGET	GET	/api/studies/{studyId}/patients/{patientId}/clinical-data	production	src/shared/lib/StoreUtils.ts:389
5eab200650ecc2f111b94fea31f56a2f50a6ad22	public	getAllGenesUsingGET	GET	/api/genes	production	src/pages/patientView/clinicalInformation/PatientViewPageStore.ts:465,src/pages/patientView/clinicalInformation/PatientViewPlotsStore.ts:1006,src/shared/components/GeneSelectionBox/GeneSymbolValidator.tsx:73,src/shared/components/query/QueryStore.ts:1330,src/shared/components/query/quickSearch/QuickSearch.tsx:190,src/shared/components/query/quickSearch/QuickSearch.tsx:196,src/shared/lib/StoreUtils.ts:216
5eab200650ecc2f111b94fea31f56a2f50a6ad22	public	getAllMolecularProfilesInStudyUsingGET	GET	/api/studies/{studyId}/molecular-profiles	production	src/pages/patientView/clinicalInformation/PatientViewPageStore.ts:2193
5eab200650ecc2f111b94fea31f56a2f50a6ad22	public	getAllPatientsUsingGET	GET	/api/patients	production	src/shared/components/query/quickSearch/QuickSearch.tsx:200,src/shared/components/query/quickSearch/QuickSearch.tsx:207
5eab200650ecc2f111b94fea31f56a2f50a6ad22	public	getAllSampleIdsInSampleListUsingGET	GET	/api/sample-lists/{sampleListId}/sample-ids	production	src/pages/patientView/clinicalInformation/PatientViewPageStore.ts:2180,src/shared/lib/StoreUtils.ts:503
5eab200650ecc2f111b94fea31f56a2f50a6ad22	public	getAllSampleListsInStudyUsingGET	GET	/api/studies/{studyId}/sample-lists	production	src/pages/patientView/clinicalInformation/PatientViewPageStore.ts:1038,src/pages/resultsView/ResultsViewPageStore.ts:3068,src/pages/studyView/StudyViewPageStore.ts:12760,src/shared/cache/SampleListsInStudyCache.ts:6
5eab200650ecc2f111b94fea31f56a2f50a6ad22	public	getAllSamplesInStudyUsingGET	GET	/api/studies/{studyId}/samples	production	src/pages/patientView/clinicalInformation/PatientViewPlotsStore.ts:713,src/pages/studyView/StudyViewPageStore.ts:6511,src/shared/components/query/QueryStore.ts:934
5eab200650ecc2f111b94fea31f56a2f50a6ad22	public	getAllSamplesOfPatientInStudyUsingGET	GET	/api/studies/{studyId}/patients/{patientId}/samples	production	src/pages/patientView/clinicalInformation/PatientViewPageStore.ts:1662,src/shared/components/query/QueryStore.ts:1336,src/shared/lib/StoreUtils.ts:443
5eab200650ecc2f111b94fea31f56a2f50a6ad22	public	getAllStudiesUsingGET	GET	/api/studies	production	src/pages/groupComparison/GroupComparisonStore.ts:540,src/pages/resultsView/ResultsViewPageStore.ts:3124,src/pages/resultsView/ResultsViewPageStore.ts:4319,src/pages/staticPages/datasetView/DatasetPage.tsx:18,src/pages/studyView/StudyViewPageStore.ts:6341,src/shared/components/query/QueryStore.ts:654,src/shared/components/query/quickSearch/QuickSearch.tsx:180,src/shared/components/query/quickSearch/QuickSearch.tsx:186,src/shared/components/query/quickSearch/QuickSearch.tsx:270,src/shared/lib/redirectHelpers.ts:138
5eab200650ecc2f111b94fea31f56a2f50a6ad22	public	getGenePanelDataUsingPOST	POST	/api/molecular-profiles/{molecularProfileId}/gene-panel-data/fetch	production	src/shared/lib/StoreUtils.ts:718
5eab200650ecc2f111b94fea31f56a2f50a6ad22	public	getGenePanelUsingGET	GET	/api/gene-panels/{genePanelId}	production	src/pages/studyView/StudyViewPageStore.ts:9955,src/shared/components/oncoprint/TooltipUtils.ts:50,src/shared/lib/StoreUtils.ts:734
5eab200650ecc2f111b94fea31f56a2f50a6ad22	public	getGeneUsingGET	GET	/api/genes/{geneId}	production	src/pages/studyView/StudyViewUtils.tsx:2719,src/pages/studyView/StudyViewUtils.tsx:3410,src/pages/studyView/StudyViewUtils.tsx:3510
5eab200650ecc2f111b94fea31f56a2f50a6ad22	public	getInfoUsingGET	GET	/api/info	production	src/AppStore.ts:130
5eab200650ecc2f111b94fea31f56a2f50a6ad22	public	getMolecularProfileUsingGET	GET	/api/molecular-profiles/{molecularProfileId}	production	src/pages/patientView/clinicalInformation/PatientViewPageStore.ts:2358
5eab200650ecc2f111b94fea31f56a2f50a6ad22	public	getSampleInStudyUsingGET	GET	/api/studies/{studyId}/samples/{sampleId}	production	src/shared/lib/StoreUtils.ts:449
5eab200650ecc2f111b94fea31f56a2f50a6ad22	public	getSamplesByKeywordUsingGET	GET	/api/samples	production	src/shared/components/query/quickSearch/QuickSearch.tsx:211,src/shared/components/query/quickSearch/QuickSearch.tsx:217
5eab200650ecc2f111b94fea31f56a2f50a6ad22	public	getStudyUsingGET	GET	/api/studies/{studyId}	production	src/pages/patientView/clinicalInformation/PatientViewPageStore.ts:1763,src/pages/patientView/clinicalInformation/PatientViewPageStore.ts:2111
5eab200650ecc2f111b94fea31f56a2f50a6ad22	public	getTagsForMultipleStudiesUsingPOST	POST	/api/studies/tags/fetch	production	src/shared/components/query/QueryStore.ts:675
5eab200650ecc2f111b94fea31f56a2f50a6ad22	public	getTagsUsingGET	GET	/api/studies/{studyId}/tags	production	src/shared/components/studyTagsTooltip/StudyTagsTooltip.tsx:74
