table	mapper_count	mappers
allele_specific_copy_number	1	src/main/resources/mappers/clickhouse/mutation/ClickhouseMutationDataMapper.xml
alteration_driver_annotation	6	src/main/resources/mappers/clickhouse/mutation/ClickhouseMutationDataMapper.xml,src/main/resources/mappers/starrocks/studyview/StarrocksStudyViewFilterMapper.xml,src/main/resources/org/cbioportal/legacy/persistence/mybatis/AlterationCountsMapper.xml,src/main/resources/org/cbioportal/legacy/persistence/mybatis/AlterationDriverAnnotationMapper.xml,src/main/resources/org/cbioportal/legacy/persistence/mybatis/DiscreteCopyNumberMapper.xml,src/main/resources/org/cbioportal/legacy/persistence/mybatis/StructuralVariantMapper.xml
authorities	1	src/main/resources/org/cbioportal/legacy/persistence/mybatis/SecurityMapper.xml
cancer_study	36	src/main/resources/mappers/clickhouse/alteration/ClickhouseAlterationMapper.xml,src/main/resources/mappers/clickhouse/cancerstudy/CancerStudyMapper.xml,src/main/resources/mappers/clickhouse/clinical_attributes/ClickhouseClinicalAttributesMapper.xml,src/main/resources/mappers/clickhouse/clinical_data/ClickhouseClinicalDataMapper.xml,src/main/resources/mappers/clickhouse/generic_assay/GenericAssayMapper.xml,src/main/resources/mappers/clickhouse/mutation/ClickhouseMutationDataMapper.xml,src/main/resources/mappers/clickhouse/sample/ClickhouseSampleMapper.xml,src/main/resources/mappers/clickhouse/studyview/ClickhouseStudyViewFilterMapper.xml,src/main/resources/mappers/starrocks/alteration/StarrocksAlterationMapper.xml,src/main/resources/mappers/starrocks/cancerstudy/StarrocksCancerStudyMapper.xml,src/main/resources/mappers/starrocks/clinical_attributes/StarrocksClinicalAttributesMapper.xml,src/main/resources/mappers/starrocks/clinical_data/StarrocksClinicalDataMapper.xml,src/main/resources/mappers/starrocks/generic_assay/StarrocksGenericAssayMapper.xml,src/main/resources/mappers/starrocks/sample/StarrocksSampleMapper.xml,src/main/resources/org/cbioportal/legacy/persistence/mybatis/AlterationCountsMapper.xml,src/main/resources/org/cbioportal/legacy/persistence/mybatis/ClinicalAttributeMapper.xml,src/main/resources/org/cbioportal/legacy/persistence/mybatis/ClinicalDataMapper.xml,src/main/resources/org/cbioportal/legacy/persistence/mybatis/ClinicalEventMapper.xml,src/main/resources/org/cbioportal/legacy/persistence/mybatis/CopyNumberSegmentMapper.xml,src/main/resources/org/cbioportal/legacy/persistence/mybatis/DiscreteCopyNumberMapper.xml,src/main/resources/org/cbioportal/legacy/persistence/mybatis/GenePanelMapper.xml,src/main/resources/org/cbioportal/legacy/persistence/mybatis/MolecularProfileMapper.xml,src/main/resources/org/cbioportal/legacy/persistence/mybatis/NamespaceMapper.xml,src/main/resources/org/cbioportal/legacy/persistence/mybatis/PatientMapper.xml,src/main/resources/org/cbioportal/legacy/persistence/mybatis/ResourceDataMapper.xml,src/main/resources/org/cbioportal/legacy/persistence/mybatis/ResourceDefinitionMapper.xml,src/main/resources/org/cbioportal/legacy/persistence/mybatis/SampleListMapper.xml,src/main/resources/org/cbioportal/legacy/persistence/mybatis/SampleMapper.xml,src/main/resources/org/cbioportal/legacy/persistence/mybatis/SecurityMapper.xml,src/main/resources/org/cbioportal/legacy/persistence/mybatis/SignificantCopyNumberRegionMapper.xml,src/main/resources/org/cbioportal/legacy/persistence/mybatis/SignificantlyMutatedGeneMapper.xml,src/main/resources/org/cbioportal/legacy/persistence/mybatis/StructuralVariantMapper.xml,src/main/resources/org/cbioportal/legacy/persistence/mybatis/StudyMapper.xml,src/main/resources/org/cbioportal/legacy/persistence/mybatis/TreatmentMapper.xml,src/main/resources/org/cbioportal/persistence/mybatisclickhouse/StudyViewFilterMapper.xml,src/main/resources/org/cbioportal/persistence/mybatisclickhouse/StudyViewMapper.xml
cancer_study_tags	1	src/main/resources/org/cbioportal/legacy/persistence/mybatis/StudyMapper.xml
clinical_attribute_meta	8	src/main/resources/mappers/clickhouse/clinical_attributes/ClickhouseClinicalAttributesMapper.xml,src/main/resources/mappers/clickhouse/clinical_data/ClickhouseClinicalDataMapper.xml,src/main/resources/mappers/clickhouse/studyview/ClickhouseStudyViewFilterMapper.xml,src/main/resources/mappers/starrocks/clinical_attributes/StarrocksClinicalAttributesMapper.xml,src/main/resources/mappers/starrocks/clinical_data/StarrocksClinicalDataMapper.xml,src/main/resources/org/cbioportal/legacy/persistence/mybatis/ClinicalAttributeMapper.xml,src/main/resources/org/cbioportal/legacy/persistence/mybatis/ClinicalDataMapper.xml,src/main/resources/org/cbioportal/persistence/mybatisclickhouse/StudyViewMapper.xml
clinical_data_derived	6	src/main/resources/mappers/clickhouse/clinical_data/ClickhouseClinicalDataMapper.xml,src/main/resources/mappers/clickhouse/studyview/ClickhouseStudyViewFilterMapper.xml,src/main/resources/mappers/starrocks/clinical_data/StarrocksClinicalDataMapper.xml,src/main/resources/mappers/starrocks/studyview/StarrocksStudyViewFilterMapper.xml,src/main/resources/org/cbioportal/persistence/mybatisclickhouse/StudyViewFilterMapper.xml,src/main/resources/org/cbioportal/persistence/mybatisclickhouse/StudyViewMapper.xml
clinical_event_data	2	src/main/resources/org/cbioportal/legacy/persistence/mybatis/ClinicalEventMapper.xml,src/main/resources/org/cbioportal/legacy/persistence/mybatis/TreatmentMapper.xml
clinical_event_data_derived	10	src/main/resources/mappers/clickhouse/cancerstudy/CancerStudyMapper.xml,src/main/resources/mappers/clickhouse/clinical_event/ClickhouseClinicalEventMapper.xml,src/main/resources/mappers/clickhouse/studyview/ClickhouseStudyViewFilterMapper.xml,src/main/resources/mappers/clickhouse/treatment/ClickhouseTreatmentMapper.xml,src/main/resources/mappers/starrocks/cancerstudy/StarrocksCancerStudyMapper.xml,src/main/resources/mappers/starrocks/clinical_event/StarrocksClinicalEventMapper.xml,src/main/resources/mappers/starrocks/studyview/StarrocksStudyViewFilterMapper.xml,src/main/resources/mappers/starrocks/treatment/StarrocksTreatmentMapper.xml,src/main/resources/org/cbioportal/persistence/mybatisclickhouse/StudyViewFilterMapper.xml,src/main/resources/org/cbioportal/persistence/mybatisclickhouse/StudyViewMapper.xml
clinical_event_derived	3	src/main/resources/org/cbioportal/legacy/persistence/mybatis/ClinicalEventMapper.xml,src/main/resources/org/cbioportal/legacy/persistence/mybatis/StudyMapper.xml,src/main/resources/org/cbioportal/legacy/persistence/mybatis/TreatmentMapper.xml
clinical_patient	2	src/main/resources/org/cbioportal/legacy/persistence/mybatis/ClinicalAttributeMapper.xml,src/main/resources/org/cbioportal/legacy/persistence/mybatis/ClinicalDataMapper.xml
clinical_sample	2	src/main/resources/org/cbioportal/legacy/persistence/mybatis/ClinicalAttributeMapper.xml,src/main/resources/org/cbioportal/legacy/persistence/mybatis/ClinicalDataMapper.xml
cna_event	2	src/main/resources/org/cbioportal/legacy/persistence/mybatis/AlterationCountsMapper.xml,src/main/resources/org/cbioportal/legacy/persistence/mybatis/DiscreteCopyNumberMapper.xml
copy_number_seg	1	src/main/resources/org/cbioportal/legacy/persistence/mybatis/CopyNumberSegmentMapper.xml
data_access_tokens	1	src/main/resources/org/cbioportal/legacy/persistence/mybatis/DataAccessTokenMapper.xml
gene	15	src/main/resources/mappers/clickhouse/alteration/ClickhouseAlterationMapper.xml,src/main/resources/mappers/clickhouse/coexpression/ClickhouseCoExpressionMapper.xml,src/main/resources/mappers/clickhouse/mutation/ClickhouseMutationDataMapper.xml,src/main/resources/mappers/starrocks/alteration/StarrocksAlterationMapper.xml,src/main/resources/mappers/starrocks/coexpression/StarrocksCoExpressionMapper.xml,src/main/resources/org/cbioportal/legacy/persistence/mybatis/AlterationCountsMapper.xml,src/main/resources/org/cbioportal/legacy/persistence/mybatis/DiscreteCopyNumberMapper.xml,src/main/resources/org/cbioportal/legacy/persistence/mybatis/GeneMapper.xml,src/main/resources/org/cbioportal/legacy/persistence/mybatis/GenePanelMapper.xml,src/main/resources/org/cbioportal/legacy/persistence/mybatis/GenesetMapper.xml,src/main/resources/org/cbioportal/legacy/persistence/mybatis/MolecularDataMapper.xml,src/main/resources/org/cbioportal/legacy/persistence/mybatis/ReferenceGenomeGeneMapper.xml,src/main/resources/org/cbioportal/legacy/persistence/mybatis/SignificantCopyNumberRegionMapper.xml,src/main/resources/org/cbioportal/legacy/persistence/mybatis/SignificantlyMutatedGeneMapper.xml,src/main/resources/org/cbioportal/legacy/persistence/mybatis/StructuralVariantMapper.xml
gene_alias	1	src/main/resources/org/cbioportal/legacy/persistence/mybatis/GeneMapper.xml
gene_panel	1	src/main/resources/org/cbioportal/legacy/persistence/mybatis/GenePanelMapper.xml
gene_panel_list	1	src/main/resources/org/cbioportal/legacy/persistence/mybatis/GenePanelMapper.xml
gene_panel_to_gene_derived	8	src/main/resources/mappers/clickhouse/alteration/ClickhouseAlterationMapper.xml,src/main/resources/mappers/clickhouse/genomic_data/ClickhouseGenomicDataMapper.xml,src/main/resources/mappers/clickhouse/studyview/ClickhouseStudyViewFilterMapper.xml,src/main/resources/mappers/starrocks/alteration/StarrocksAlterationMapper.xml,src/main/resources/mappers/starrocks/genomic_data/StarrocksGenomicDataMapper.xml,src/main/resources/mappers/starrocks/studyview/StarrocksStudyViewFilterMapper.xml,src/main/resources/org/cbioportal/persistence/mybatisclickhouse/StudyViewFilterMapper.xml,src/main/resources/org/cbioportal/persistence/mybatisclickhouse/StudyViewMapper.xml
generic_assay_data_derived	6	src/main/resources/mappers/clickhouse/generic_assay/GenericAssayMapper.xml,src/main/resources/mappers/clickhouse/studyview/ClickhouseStudyViewFilterMapper.xml,src/main/resources/mappers/starrocks/generic_assay/StarrocksGenericAssayMapper.xml,src/main/resources/mappers/starrocks/studyview/StarrocksStudyViewFilterMapper.xml,src/main/resources/org/cbioportal/persistence/mybatisclickhouse/StudyViewFilterMapper.xml,src/main/resources/org/cbioportal/persistence/mybatisclickhouse/StudyViewMapper.xml
generic_assay_meta_derived	2	src/main/resources/mappers/clickhouse/generic_assay/GenericAssayMapper.xml,src/main/resources/mappers/starrocks/generic_assay/StarrocksGenericAssayMapper.xml
generic_assay_profile_entity_derived	2	src/main/resources/mappers/clickhouse/generic_assay/GenericAssayMapper.xml,src/main/resources/mappers/starrocks/generic_assay/StarrocksGenericAssayMapper.xml
generic_entity_properties	1	src/main/resources/org/cbioportal/legacy/persistence/mybatis/GenericAssayMapper.xml
geneset	3	src/main/resources/org/cbioportal/legacy/persistence/mybatis/GenesetHierarchyMapper.xml,src/main/resources/org/cbioportal/legacy/persistence/mybatis/GenesetMapper.xml,src/main/resources/org/cbioportal/legacy/persistence/mybatis/MolecularDataMapper.xml
geneset_gene	1	src/main/resources/org/cbioportal/legacy/persistence/mybatis/GenesetMapper.xml
geneset_hierarchy_leaf	1	src/main/resources/org/cbioportal/legacy/persistence/mybatis/GenesetHierarchyMapper.xml
geneset_hierarchy_node	1	src/main/resources/org/cbioportal/legacy/persistence/mybatis/GenesetHierarchyMapper.xml
genetic_alteration	2	src/main/resources/org/cbioportal/legacy/persistence/mybatis/GenericAssayMapper.xml,src/main/resources/org/cbioportal/legacy/persistence/mybatis/MolecularDataMapper.xml
genetic_alteration_derived	8	src/main/resources/mappers/clickhouse/coexpression/ClickhouseCoExpressionMapper.xml,src/main/resources/mappers/clickhouse/genomic_data/ClickhouseGenomicDataMapper.xml,src/main/resources/mappers/clickhouse/studyview/ClickhouseStudyViewFilterMapper.xml,src/main/resources/mappers/starrocks/coexpression/StarrocksCoExpressionMapper.xml,src/main/resources/mappers/starrocks/genomic_data/StarrocksGenomicDataMapper.xml,src/main/resources/mappers/starrocks/studyview/StarrocksStudyViewFilterMapper.xml,src/main/resources/org/cbioportal/persistence/mybatisclickhouse/StudyViewFilterMapper.xml,src/main/resources/org/cbioportal/persistence/mybatisclickhouse/StudyViewMapper.xml
genetic_entity	2	src/main/resources/org/cbioportal/legacy/persistence/mybatis/GenericAssayMapper.xml,src/main/resources/org/cbioportal/legacy/persistence/mybatis/MolecularDataMapper.xml
genetic_profile	20	src/main/resources/mappers/clickhouse/alteration/ClickhouseAlterationMapper.xml,src/main/resources/mappers/clickhouse/generic_assay/GenericAssayMapper.xml,src/main/resources/mappers/clickhouse/genomic_data/ClickhouseGenomicDataMapper.xml,src/main/resources/mappers/clickhouse/mutation/ClickhouseMutationDataMapper.xml,src/main/resources/mappers/clickhouse/studyview/ClickhouseStudyViewFilterMapper.xml,src/main/resources/mappers/starrocks/alteration/StarrocksAlterationMapper.xml,src/main/resources/mappers/starrocks/generic_assay/StarrocksGenericAssayMapper.xml,src/main/resources/mappers/starrocks/genomic_data/StarrocksGenomicDataMapper.xml,src/main/resources/mappers/starrocks/studyview/StarrocksStudyViewFilterMapper.xml,src/main/resources/org/cbioportal/legacy/persistence/mybatis/AlterationCountsMapper.xml,src/main/resources/org/cbioportal/legacy/persistence/mybatis/AlterationDriverAnnotationMapper.xml,src/main/resources/org/cbioportal/legacy/persistence/mybatis/DiscreteCopyNumberMapper.xml,src/main/resources/org/cbioportal/legacy/persistence/mybatis/GenePanelMapper.xml,src/main/resources/org/cbioportal/legacy/persistence/mybatis/GenericAssayMapper.xml,src/main/resources/org/cbioportal/legacy/persistence/mybatis/MolecularDataMapper.xml,src/main/resources/org/cbioportal/legacy/persistence/mybatis/MolecularProfileMapper.xml,src/main/resources/org/cbioportal/legacy/persistence/mybatis/StructuralVariantMapper.xml,src/main/resources/org/cbioportal/legacy/persistence/mybatis/VariantCountMapper.xml,src/main/resources/org/cbioportal/persistence/mybatisclickhouse/StudyViewFilterMapper.xml,src/main/resources/org/cbioportal/persistence/mybatisclickhouse/StudyViewMapper.xml
genetic_profile_link	1	src/main/resources/org/cbioportal/legacy/persistence/mybatis/MolecularProfileMapper.xml
genetic_profile_samples	1	src/main/resources/org/cbioportal/legacy/persistence/mybatis/MolecularDataMapper.xml
genomic_event_derived	10	src/main/resources/mappers/clickhouse/alteration/ClickhouseAlterationMapper.xml,src/main/resources/mappers/clickhouse/cancerstudy/CancerStudyMapper.xml,src/main/resources/mappers/clickhouse/genomic_data/ClickhouseGenomicDataMapper.xml,src/main/resources/mappers/clickhouse/studyview/ClickhouseStudyViewFilterMapper.xml,src/main/resources/mappers/starrocks/alteration/StarrocksAlterationMapper.xml,src/main/resources/mappers/starrocks/cancerstudy/StarrocksCancerStudyMapper.xml,src/main/resources/mappers/starrocks/genomic_data/StarrocksGenomicDataMapper.xml,src/main/resources/mappers/starrocks/studyview/StarrocksStudyViewFilterMapper.xml,src/main/resources/org/cbioportal/persistence/mybatisclickhouse/StudyViewFilterMapper.xml,src/main/resources/org/cbioportal/persistence/mybatisclickhouse/StudyViewMapper.xml
gistic	1	src/main/resources/org/cbioportal/legacy/persistence/mybatis/SignificantCopyNumberRegionMapper.xml
gistic_to_gene	1	src/main/resources/org/cbioportal/legacy/persistence/mybatis/SignificantCopyNumberRegionMapper.xml
info	2	src/main/resources/org/cbioportal/legacy/persistence/mybatis/GenesetMapper.xml,src/main/resources/org/cbioportal/legacy/persistence/mybatis/InfoMapper.xml
mut_sig	1	src/main/resources/org/cbioportal/legacy/persistence/mybatis/SignificantlyMutatedGeneMapper.xml
mutation	3	src/main/resources/mappers/clickhouse/mutation/ClickhouseMutationDataMapper.xml,src/main/resources/org/cbioportal/legacy/persistence/mybatis/AlterationCountsMapper.xml,src/main/resources/org/cbioportal/legacy/persistence/mybatis/NamespaceMapper.xml
mutation_count_by_keyword	1	src/main/resources/org/cbioportal/legacy/persistence/mybatis/VariantCountMapper.xml
mutation_derived	1	src/main/resources/org/cbioportal/legacy/persistence/mybatis/MutationMapper.xml
mutation_event	2	src/main/resources/mappers/clickhouse/mutation/ClickhouseMutationDataMapper.xml,src/main/resources/org/cbioportal/legacy/persistence/mybatis/AlterationCountsMapper.xml
patient	19	src/main/resources/mappers/clickhouse/cancerstudy/CancerStudyMapper.xml,src/main/resources/mappers/clickhouse/mutation/ClickhouseMutationDataMapper.xml,src/main/resources/mappers/clickhouse/sample/ClickhouseSampleMapper.xml,src/main/resources/mappers/starrocks/cancerstudy/StarrocksCancerStudyMapper.xml,src/main/resources/mappers/starrocks/sample/StarrocksSampleMapper.xml,src/main/resources/org/cbioportal/legacy/persistence/mybatis/AlterationCountsMapper.xml,src/main/resources/org/cbioportal/legacy/persistence/mybatis/ClinicalAttributeMapper.xml,src/main/resources/org/cbioportal/legacy/persistence/mybatis/ClinicalDataMapper.xml,src/main/resources/org/cbioportal/legacy/persistence/mybatis/ClinicalEventMapper.xml,src/main/resources/org/cbioportal/legacy/persistence/mybatis/CopyNumberSegmentMapper.xml,src/main/resources/org/cbioportal/legacy/persistence/mybatis/DiscreteCopyNumberMapper.xml,src/main/resources/org/cbioportal/legacy/persistence/mybatis/GenePanelMapper.xml,src/main/resources/org/cbioportal/legacy/persistence/mybatis/NamespaceMapper.xml,src/main/resources/org/cbioportal/legacy/persistence/mybatis/PatientMapper.xml,src/main/resources/org/cbioportal/legacy/persistence/mybatis/ResourceDataMapper.xml,src/main/resources/org/cbioportal/legacy/persistence/mybatis/SampleMapper.xml,src/main/resources/org/cbioportal/legacy/persistence/mybatis/StructuralVariantMapper.xml,src/main/resources/org/cbioportal/legacy/persistence/mybatis/StudyMapper.xml,src/main/resources/org/cbioportal/legacy/persistence/mybatis/TreatmentMapper.xml
reference_genome	15	src/main/resources/mappers/clickhouse/alteration/ClickhouseAlterationMapper.xml,src/main/resources/mappers/clickhouse/cancerstudy/CancerStudyMapper.xml,src/main/resources/mappers/clickhouse/generic_assay/GenericAssayMapper.xml,src/main/resources/mappers/clickhouse/sample/ClickhouseSampleMapper.xml,src/main/resources/mappers/starrocks/alteration/StarrocksAlterationMapper.xml,src/main/resources/mappers/starrocks/cancerstudy/StarrocksCancerStudyMapper.xml,src/main/resources/mappers/starrocks/generic_assay/StarrocksGenericAssayMapper.xml,src/main/resources/mappers/starrocks/sample/StarrocksSampleMapper.xml,src/main/resources/org/cbioportal/legacy/persistence/mybatis/MolecularProfileMapper.xml,src/main/resources/org/cbioportal/legacy/persistence/mybatis/PatientMapper.xml,src/main/resources/org/cbioportal/legacy/persistence/mybatis/ReferenceGenomeGeneMapper.xml,src/main/resources/org/cbioportal/legacy/persistence/mybatis/SampleListMapper.xml,src/main/resources/org/cbioportal/legacy/persistence/mybatis/SampleMapper.xml,src/main/resources/org/cbioportal/legacy/persistence/mybatis/StudyMapper.xml,src/main/resources/org/cbioportal/persistence/mybatisclickhouse/StudyViewMapper.xml
reference_genome_gene	2	src/main/resources/org/cbioportal/legacy/persistence/mybatis/AlterationCountsMapper.xml,src/main/resources/org/cbioportal/legacy/persistence/mybatis/ReferenceGenomeGeneMapper.xml
resource_definition	5	src/main/resources/mappers/clickhouse/cancerstudy/CancerStudyMapper.xml,src/main/resources/mappers/starrocks/cancerstudy/StarrocksCancerStudyMapper.xml,src/main/resources/org/cbioportal/legacy/persistence/mybatis/ResourceDataMapper.xml,src/main/resources/org/cbioportal/legacy/persistence/mybatis/ResourceDefinitionMapper.xml,src/main/resources/org/cbioportal/legacy/persistence/mybatis/StudyMapper.xml
resource_patient	4	src/main/resources/mappers/clickhouse/cancerstudy/CancerStudyMapper.xml,src/main/resources/mappers/starrocks/cancerstudy/StarrocksCancerStudyMapper.xml,src/main/resources/org/cbioportal/legacy/persistence/mybatis/ResourceDataMapper.xml,src/main/resources/org/cbioportal/legacy/persistence/mybatis/StudyMapper.xml
resource_sample	4	src/main/resources/mappers/clickhouse/cancerstudy/CancerStudyMapper.xml,src/main/resources/mappers/starrocks/cancerstudy/StarrocksCancerStudyMapper.xml,src/main/resources/org/cbioportal/legacy/persistence/mybatis/ResourceDataMapper.xml,src/main/resources/org/cbioportal/legacy/persistence/mybatis/StudyMapper.xml
resource_study	1	src/main/resources/org/cbioportal/legacy/persistence/mybatis/ResourceDataMapper.xml
sample	18	src/main/resources/mappers/clickhouse/cancerstudy/CancerStudyMapper.xml,src/main/resources/mappers/clickhouse/mutation/ClickhouseMutationDataMapper.xml,src/main/resources/mappers/starrocks/cancerstudy/StarrocksCancerStudyMapper.xml,src/main/resources/org/cbioportal/legacy/persistence/mybatis/AlterationCountsMapper.xml,src/main/resources/org/cbioportal/legacy/persistence/mybatis/ClinicalAttributeMapper.xml,src/main/resources/org/cbioportal/legacy/persistence/mybatis/ClinicalDataMapper.xml,src/main/resources/org/cbioportal/legacy/persistence/mybatis/ClinicalEventMapper.xml,src/main/resources/org/cbioportal/legacy/persistence/mybatis/CopyNumberSegmentMapper.xml,src/main/resources/org/cbioportal/legacy/persistence/mybatis/DiscreteCopyNumberMapper.xml,src/main/resources/org/cbioportal/legacy/persistence/mybatis/GenePanelMapper.xml,src/main/resources/org/cbioportal/legacy/persistence/mybatis/NamespaceMapper.xml,src/main/resources/org/cbioportal/legacy/persistence/mybatis/PatientMapper.xml,src/main/resources/org/cbioportal/legacy/persistence/mybatis/ResourceDataMapper.xml,src/main/resources/org/cbioportal/legacy/persistence/mybatis/SampleListMapper.xml,src/main/resources/org/cbioportal/legacy/persistence/mybatis/SampleMapper.xml,src/main/resources/org/cbioportal/legacy/persistence/mybatis/StructuralVariantMapper.xml,src/main/resources/org/cbioportal/legacy/persistence/mybatis/StudyMapper.xml,src/main/resources/org/cbioportal/legacy/persistence/mybatis/TreatmentMapper.xml
sample_cna_event	3	src/main/resources/org/cbioportal/legacy/persistence/mybatis/AlterationCountsMapper.xml,src/main/resources/org/cbioportal/legacy/persistence/mybatis/DiscreteCopyNumberMapper.xml,src/main/resources/org/cbioportal/legacy/persistence/mybatis/NamespaceMapper.xml
sample_derived	20	src/main/resources/mappers/clickhouse/alteration/ClickhouseAlterationMapper.xml,src/main/resources/mappers/clickhouse/cancerstudy/CancerStudyMapper.xml,src/main/resources/mappers/clickhouse/clinical_data/ClickhouseClinicalDataMapper.xml,src/main/resources/mappers/clickhouse/generic_assay/GenericAssayMapper.xml,src/main/resources/mappers/clickhouse/genomic_data/ClickhouseGenomicDataMapper.xml,src/main/resources/mappers/clickhouse/patient/ClickhousePatientMapper.xml,src/main/resources/mappers/clickhouse/sample/ClickhouseSampleMapper.xml,src/main/resources/mappers/clickhouse/studyview/ClickhouseStudyViewFilterMapper.xml,src/main/resources/mappers/clickhouse/treatment/ClickhouseTreatmentMapper.xml,src/main/resources/mappers/starrocks/alteration/StarrocksAlterationMapper.xml,src/main/resources/mappers/starrocks/cancerstudy/StarrocksCancerStudyMapper.xml,src/main/resources/mappers/starrocks/clinical_data/StarrocksClinicalDataMapper.xml,src/main/resources/mappers/starrocks/generic_assay/StarrocksGenericAssayMapper.xml,src/main/resources/mappers/starrocks/genomic_data/StarrocksGenomicDataMapper.xml,src/main/resources/mappers/starrocks/patient/StarrocksPatientMapper.xml,src/main/resources/mappers/starrocks/sample/StarrocksSampleMapper.xml,src/main/resources/mappers/starrocks/studyview/StarrocksStudyViewFilterMapper.xml,src/main/resources/mappers/starrocks/treatment/StarrocksTreatmentMapper.xml,src/main/resources/org/cbioportal/persistence/mybatisclickhouse/StudyViewFilterMapper.xml,src/main/resources/org/cbioportal/persistence/mybatisclickhouse/StudyViewMapper.xml
sample_list	18	src/main/resources/mappers/clickhouse/cancerstudy/CancerStudyMapper.xml,src/main/resources/mappers/clickhouse/patient/ClickhousePatientMapper.xml,src/main/resources/mappers/clickhouse/sample/ClickhouseSampleMapper.xml,src/main/resources/mappers/clickhouse/studyview/ClickhouseStudyViewFilterMapper.xml,src/main/resources/mappers/starrocks/cancerstudy/StarrocksCancerStudyMapper.xml,src/main/resources/mappers/starrocks/patient/StarrocksPatientMapper.xml,src/main/resources/mappers/starrocks/sample/StarrocksSampleMapper.xml,src/main/resources/mappers/starrocks/studyview/StarrocksStudyViewFilterMapper.xml,src/main/resources/org/cbioportal/legacy/persistence/mybatis/ClinicalAttributeMapper.xml,src/main/resources/org/cbioportal/legacy/persistence/mybatis/CopyNumberSegmentMapper.xml,src/main/resources/org/cbioportal/legacy/persistence/mybatis/DiscreteCopyNumberMapper.xml,src/main/resources/org/cbioportal/legacy/persistence/mybatis/GenePanelMapper.xml,src/main/resources/org/cbioportal/legacy/persistence/mybatis/MutationMapper.xml,src/main/resources/org/cbioportal/legacy/persistence/mybatis/SampleListMapper.xml,src/main/resources/org/cbioportal/legacy/persistence/mybatis/SampleMapper.xml,src/main/resources/org/cbioportal/legacy/persistence/mybatis/StudyMapper.xml,src/main/resources/org/cbioportal/persistence/mybatisclickhouse/StudyViewFilterMapper.xml,src/main/resources/org/cbioportal/persistence/mybatisclickhouse/StudyViewMapper.xml
sample_list_list	18	src/main/resources/mappers/clickhouse/cancerstudy/CancerStudyMapper.xml,src/main/resources/mappers/clickhouse/patient/ClickhousePatientMapper.xml,src/main/resources/mappers/clickhouse/sample/ClickhouseSampleMapper.xml,src/main/resources/mappers/clickhouse/studyview/ClickhouseStudyViewFilterMapper.xml,src/main/resources/mappers/starrocks/cancerstudy/StarrocksCancerStudyMapper.xml,src/main/resources/mappers/starrocks/patient/StarrocksPatientMapper.xml,src/main/resources/mappers/starrocks/sample/StarrocksSampleMapper.xml,src/main/resources/mappers/starrocks/studyview/StarrocksStudyViewFilterMapper.xml,src/main/resources/org/cbioportal/legacy/persistence/mybatis/ClinicalAttributeMapper.xml,src/main/resources/org/cbioportal/legacy/persistence/mybatis/CopyNumberSegmentMapper.xml,src/main/resources/org/cbioportal/legacy/persistence/mybatis/DiscreteCopyNumberMapper.xml,src/main/resources/org/cbioportal/legacy/persistence/mybatis/GenePanelMapper.xml,src/main/resources/org/cbioportal/legacy/persistence/mybatis/MutationMapper.xml,src/main/resources/org/cbioportal/legacy/persistence/mybatis/SampleListMapper.xml,src/main/resources/org/cbioportal/legacy/persistence/mybatis/SampleMapper.xml,src/main/resources/org/cbioportal/legacy/persistence/mybatis/StudyMapper.xml,src/main/resources/org/cbioportal/persistence/mybatisclickhouse/StudyViewFilterMapper.xml,src/main/resources/org/cbioportal/persistence/mybatisclickhouse/StudyViewMapper.xml
sample_profile	7	src/main/resources/mappers/clickhouse/genomic_data/ClickhouseGenomicDataMapper.xml,src/main/resources/mappers/clickhouse/studyview/ClickhouseStudyViewFilterMapper.xml,src/main/resources/mappers/starrocks/genomic_data/StarrocksGenomicDataMapper.xml,src/main/resources/mappers/starrocks/studyview/StarrocksStudyViewFilterMapper.xml,src/main/resources/org/cbioportal/legacy/persistence/mybatis/GenePanelMapper.xml,src/main/resources/org/cbioportal/persistence/mybatisclickhouse/StudyViewFilterMapper.xml,src/main/resources/org/cbioportal/persistence/mybatisclickhouse/StudyViewMapper.xml
sample_to_gene_panel_derived	8	src/main/resources/mappers/clickhouse/alteration/ClickhouseAlterationMapper.xml,src/main/resources/mappers/clickhouse/genomic_data/ClickhouseGenomicDataMapper.xml,src/main/resources/mappers/clickhouse/studyview/ClickhouseStudyViewFilterMapper.xml,src/main/resources/mappers/starrocks/alteration/StarrocksAlterationMapper.xml,src/main/resources/mappers/starrocks/genomic_data/StarrocksGenomicDataMapper.xml,src/main/resources/mappers/starrocks/studyview/StarrocksStudyViewFilterMapper.xml,src/main/resources/org/cbioportal/persistence/mybatisclickhouse/StudyViewFilterMapper.xml,src/main/resources/org/cbioportal/persistence/mybatisclickhouse/StudyViewMapper.xml
structural_variant	5	src/main/resources/mappers/starrocks/studyview/StarrocksStudyViewFilterMapper.xml,src/main/resources/org/cbioportal/legacy/persistence/mybatis/AlterationCountsMapper.xml,src/main/resources/org/cbioportal/legacy/persistence/mybatis/NamespaceMapper.xml,src/main/resources/org/cbioportal/legacy/persistence/mybatis/StructuralVariantMapper.xml,src/main/resources/org/cbioportal/legacy/persistence/mybatis/StudyMapper.xml
type_of_cancer	5	src/main/resources/mappers/clickhouse/cancerstudy/CancerStudyMapper.xml,src/main/resources/mappers/starrocks/cancerstudy/StarrocksCancerStudyMapper.xml,src/main/resources/org/cbioportal/legacy/persistence/mybatis/CancerTypeMapper.xml,src/main/resources/org/cbioportal/legacy/persistence/mybatis/ClinicalDataMapper.xml,src/main/resources/org/cbioportal/legacy/persistence/mybatis/StudyMapper.xml
users	1	src/main/resources/org/cbioportal/legacy/persistence/mybatis/SecurityMapper.xml
