table	column	type	nullable	key_model	sort_key	distribution	fixture_rows
allele_specific_copy_number	mutation_event_id	BIGINT	NO	DUPLICATE KEY	mutation_event_id	HASH(mutation_event_id)/1	1
allele_specific_copy_number	genetic_profile_id	BIGINT	NO	DUPLICATE KEY	mutation_event_id	HASH(mutation_event_id)/1	1
allele_specific_copy_number	sample_id	BIGINT	NO	DUPLICATE KEY	mutation_event_id	HASH(mutation_event_id)/1	1
allele_specific_copy_number	ascn_integer_copy_number	BIGINT	YES	DUPLICATE KEY	mutation_event_id	HASH(mutation_event_id)/1	1
allele_specific_copy_number	ascn_method	VARCHAR(2048)	NO	DUPLICATE KEY	mutation_event_id	HASH(mutation_event_id)/1	1
allele_specific_copy_number	ccf_expected_copies_upper	DOUBLE	YES	DUPLICATE KEY	mutation_event_id	HASH(mutation_event_id)/1	1
allele_specific_copy_number	ccf_expected_copies	DOUBLE	YES	DUPLICATE KEY	mutation_event_id	HASH(mutation_event_id)/1	1
allele_specific_copy_number	clonal	VARCHAR(2048)	YES	DUPLICATE KEY	mutation_event_id	HASH(mutation_event_id)/1	1
allele_specific_copy_number	minor_copy_number	BIGINT	YES	DUPLICATE KEY	mutation_event_id	HASH(mutation_event_id)/1	1
allele_specific_copy_number	expected_alt_copies	BIGINT	YES	DUPLICATE KEY	mutation_event_id	HASH(mutation_event_id)/1	1
allele_specific_copy_number	total_copy_number	BIGINT	YES	DUPLICATE KEY	mutation_event_id	HASH(mutation_event_id)/1	1
alteration_driver_annotation	alteration_event_id	BIGINT	NO	DUPLICATE KEY	alteration_event_id	HASH(alteration_event_id)/1	3
alteration_driver_annotation	genetic_profile_id	BIGINT	NO	DUPLICATE KEY	alteration_event_id	HASH(alteration_event_id)/1	3
alteration_driver_annotation	sample_id	BIGINT	NO	DUPLICATE KEY	alteration_event_id	HASH(alteration_event_id)/1	3
alteration_driver_annotation	driver_filter	VARCHAR(2048)	YES	DUPLICATE KEY	alteration_event_id	HASH(alteration_event_id)/1	3
alteration_driver_annotation	driver_filter_annotation	VARCHAR(2048)	YES	DUPLICATE KEY	alteration_event_id	HASH(alteration_event_id)/1	3
alteration_driver_annotation	driver_tiers_filter	VARCHAR(2048)	YES	DUPLICATE KEY	alteration_event_id	HASH(alteration_event_id)/1	3
alteration_driver_annotation	driver_tiers_filter_annotation	VARCHAR(2048)	YES	DUPLICATE KEY	alteration_event_id	HASH(alteration_event_id)/1	3
authorities	email	VARCHAR(255)	NO	DUPLICATE KEY	email	HASH(email)/1	0
authorities	authority	VARCHAR(2048)	NO	DUPLICATE KEY	email	HASH(email)/1	0
cancer_study	cancer_study_id	BIGINT	NO	DUPLICATE KEY	cancer_study_id	HASH(cancer_study_id)/1	2
cancer_study	cancer_study_identifier	VARCHAR(2048)	YES	DUPLICATE KEY	cancer_study_id	HASH(cancer_study_id)/1	2
cancer_study	type_of_cancer_id	VARCHAR(2048)	NO	DUPLICATE KEY	cancer_study_id	HASH(cancer_study_id)/1	2
cancer_study	name	VARCHAR(2048)	NO	DUPLICATE KEY	cancer_study_id	HASH(cancer_study_id)/1	2
cancer_study	description	VARCHAR(65533)	NO	DUPLICATE KEY	cancer_study_id	HASH(cancer_study_id)/1	2
cancer_study	public	INT	NO	DUPLICATE KEY	cancer_study_id	HASH(cancer_study_id)/1	2
cancer_study	pmid	VARCHAR(2048)	YES	DUPLICATE KEY	cancer_study_id	HASH(cancer_study_id)/1	2
cancer_study	citation	VARCHAR(2048)	YES	DUPLICATE KEY	cancer_study_id	HASH(cancer_study_id)/1	2
cancer_study	groups	VARCHAR(2048)	YES	DUPLICATE KEY	cancer_study_id	HASH(cancer_study_id)/1	2
cancer_study	status	BIGINT	YES	DUPLICATE KEY	cancer_study_id	HASH(cancer_study_id)/1	2
cancer_study	import_date	DATETIME	YES	DUPLICATE KEY	cancer_study_id	HASH(cancer_study_id)/1	2
cancer_study	reference_genome_id	BIGINT	YES	DUPLICATE KEY	cancer_study_id	HASH(cancer_study_id)/1	2
cancer_study_tags	cancer_study_id	BIGINT	NO	DUPLICATE KEY	cancer_study_id	HASH(cancer_study_id)/1	2
cancer_study_tags	tags	VARCHAR(65533)	NO	DUPLICATE KEY	cancer_study_id	HASH(cancer_study_id)/1	2
clinical_attribute_meta	attr_id	VARCHAR(255)	NO	DUPLICATE KEY	attr_id	HASH(attr_id)/1	13
clinical_attribute_meta	display_name	VARCHAR(2048)	NO	DUPLICATE KEY	attr_id	HASH(attr_id)/1	13
clinical_attribute_meta	description	VARCHAR(65533)	NO	DUPLICATE KEY	attr_id	HASH(attr_id)/1	13
clinical_attribute_meta	datatype	VARCHAR(2048)	NO	DUPLICATE KEY	attr_id	HASH(attr_id)/1	13
clinical_attribute_meta	patient_attribute	INT	NO	DUPLICATE KEY	attr_id	HASH(attr_id)/1	13
clinical_attribute_meta	priority	VARCHAR(2048)	NO	DUPLICATE KEY	attr_id	HASH(attr_id)/1	13
clinical_attribute_meta	cancer_study_id	BIGINT	NO	DUPLICATE KEY	attr_id	HASH(attr_id)/1	13
clinical_event	clinical_event_id	BIGINT	NO	DUPLICATE KEY	clinical_event_id	HASH(clinical_event_id)/1	6
clinical_event	patient_id	BIGINT	NO	DUPLICATE KEY	clinical_event_id	HASH(clinical_event_id)/1	6
clinical_event	start_date	BIGINT	NO	DUPLICATE KEY	clinical_event_id	HASH(clinical_event_id)/1	6
clinical_event	stop_date	BIGINT	YES	DUPLICATE KEY	clinical_event_id	HASH(clinical_event_id)/1	6
clinical_event	event_type	VARCHAR(2048)	NO	DUPLICATE KEY	clinical_event_id	HASH(clinical_event_id)/1	6
clinical_event_data	clinical_event_id	BIGINT	NO	DUPLICATE KEY	clinical_event_id	HASH(clinical_event_id)/1	13
clinical_event_data	key	VARCHAR(2048)	NO	DUPLICATE KEY	clinical_event_id	HASH(clinical_event_id)/1	13
clinical_event_data	value	VARCHAR(65533)	NO	DUPLICATE KEY	clinical_event_id	HASH(clinical_event_id)/1	13
clinical_patient	internal_id	BIGINT	NO	DUPLICATE KEY	internal_id	HASH(internal_id)/1	17
clinical_patient	attr_id	VARCHAR(2048)	NO	DUPLICATE KEY	internal_id	HASH(internal_id)/1	17
clinical_patient	attr_value	VARCHAR(65533)	NO	DUPLICATE KEY	internal_id	HASH(internal_id)/1	17
clinical_sample	internal_id	BIGINT	NO	DUPLICATE KEY	internal_id	HASH(internal_id)/1	23
clinical_sample	attr_id	VARCHAR(2048)	NO	DUPLICATE KEY	internal_id	HASH(internal_id)/1	23
clinical_sample	attr_value	VARCHAR(65533)	NO	DUPLICATE KEY	internal_id	HASH(internal_id)/1	23
cna_event	cna_event_id	BIGINT	NO	DUPLICATE KEY	cna_event_id	HASH(cna_event_id)/1	3
cna_event	entrez_gene_id	BIGINT	NO	DUPLICATE KEY	cna_event_id	HASH(cna_event_id)/1	3
cna_event	alteration	INT	NO	DUPLICATE KEY	cna_event_id	HASH(cna_event_id)/1	3
copy_number_seg	seg_id	BIGINT	NO	DUPLICATE KEY	seg_id	HASH(seg_id)/1	2
copy_number_seg	cancer_study_id	BIGINT	NO	DUPLICATE KEY	seg_id	HASH(seg_id)/1	2
copy_number_seg	sample_id	BIGINT	NO	DUPLICATE KEY	seg_id	HASH(seg_id)/1	2
copy_number_seg	chr	VARCHAR(2048)	NO	DUPLICATE KEY	seg_id	HASH(seg_id)/1	2
copy_number_seg	start	BIGINT	NO	DUPLICATE KEY	seg_id	HASH(seg_id)/1	2
copy_number_seg	end	BIGINT	NO	DUPLICATE KEY	seg_id	HASH(seg_id)/1	2
copy_number_seg	num_probes	BIGINT	NO	DUPLICATE KEY	seg_id	HASH(seg_id)/1	2
copy_number_seg	segment_mean	DOUBLE	NO	DUPLICATE KEY	seg_id	HASH(seg_id)/1	2
copy_number_seg_file	seg_file_id	BIGINT	NO	DUPLICATE KEY	seg_file_id	HASH(seg_file_id)/1	0
copy_number_seg_file	cancer_study_id	BIGINT	NO	DUPLICATE KEY	seg_file_id	HASH(seg_file_id)/1	0
copy_number_seg_file	reference_genome_id	VARCHAR(2048)	NO	DUPLICATE KEY	seg_file_id	HASH(seg_file_id)/1	0
copy_number_seg_file	description	VARCHAR(65533)	NO	DUPLICATE KEY	seg_file_id	HASH(seg_file_id)/1	0
copy_number_seg_file	filename	VARCHAR(2048)	NO	DUPLICATE KEY	seg_file_id	HASH(seg_file_id)/1	0
data_access_tokens	token	VARCHAR(255)	NO	DUPLICATE KEY	token	HASH(token)/1	0
data_access_tokens	username	VARCHAR(2048)	NO	DUPLICATE KEY	token	HASH(token)/1	0
data_access_tokens	expiration	DATETIME	NO	DUPLICATE KEY	token	HASH(token)/1	0
data_access_tokens	creation	DATETIME	NO	DUPLICATE KEY	token	HASH(token)/1	0
gene	entrez_gene_id	BIGINT	NO	DUPLICATE KEY	entrez_gene_id	HASH(entrez_gene_id)/1	3
gene	hugo_gene_symbol	VARCHAR(2048)	NO	DUPLICATE KEY	entrez_gene_id	HASH(entrez_gene_id)/1	3
gene	genetic_entity_id	BIGINT	NO	DUPLICATE KEY	entrez_gene_id	HASH(entrez_gene_id)/1	3
gene	type	VARCHAR(2048)	YES	DUPLICATE KEY	entrez_gene_id	HASH(entrez_gene_id)/1	3
gene_alias	entrez_gene_id	BIGINT	NO	DUPLICATE KEY	entrez_gene_id	HASH(entrez_gene_id)/1	3
gene_alias	gene_alias	VARCHAR(2048)	NO	DUPLICATE KEY	entrez_gene_id	HASH(entrez_gene_id)/1	3
gene_panel	internal_id	BIGINT	NO	DUPLICATE KEY	internal_id	HASH(internal_id)/1	1
gene_panel	stable_id	VARCHAR(2048)	NO	DUPLICATE KEY	internal_id	HASH(internal_id)/1	1
gene_panel	description	VARCHAR(65533)	YES	DUPLICATE KEY	internal_id	HASH(internal_id)/1	1
gene_panel_list	internal_id	BIGINT	NO	DUPLICATE KEY	internal_id	HASH(internal_id)/1	2
gene_panel_list	gene_id	BIGINT	NO	DUPLICATE KEY	internal_id	HASH(internal_id)/1	2
generic_entity_properties	id	BIGINT	NO	DUPLICATE KEY	id	HASH(id)/1	4
generic_entity_properties	genetic_entity_id	BIGINT	NO	DUPLICATE KEY	id	HASH(id)/1	4
generic_entity_properties	name	VARCHAR(2048)	NO	DUPLICATE KEY	id	HASH(id)/1	4
generic_entity_properties	value	VARCHAR(65533)	NO	DUPLICATE KEY	id	HASH(id)/1	4
geneset	id	BIGINT	NO	DUPLICATE KEY	id	HASH(id)/1	1
geneset	genetic_entity_id	BIGINT	NO	DUPLICATE KEY	id	HASH(id)/1	1
geneset	external_id	VARCHAR(2048)	NO	DUPLICATE KEY	id	HASH(id)/1	1
geneset	name	VARCHAR(2048)	NO	DUPLICATE KEY	id	HASH(id)/1	1
geneset	description	VARCHAR(65533)	NO	DUPLICATE KEY	id	HASH(id)/1	1
geneset	ref_link	VARCHAR(2048)	YES	DUPLICATE KEY	id	HASH(id)/1	1
geneset_gene	geneset_id	BIGINT	NO	DUPLICATE KEY	geneset_id	HASH(geneset_id)/1	2
geneset_gene	entrez_gene_id	BIGINT	NO	DUPLICATE KEY	geneset_id	HASH(geneset_id)/1	2
geneset_hierarchy_leaf	node_id	BIGINT	NO	DUPLICATE KEY	node_id	HASH(node_id)/1	1
geneset_hierarchy_leaf	geneset_id	BIGINT	NO	DUPLICATE KEY	node_id	HASH(node_id)/1	1
geneset_hierarchy_node	node_id	BIGINT	NO	DUPLICATE KEY	node_id	HASH(node_id)/1	3
geneset_hierarchy_node	node_name	VARCHAR(2048)	NO	DUPLICATE KEY	node_id	HASH(node_id)/1	3
geneset_hierarchy_node	parent_id	BIGINT	YES	DUPLICATE KEY	node_id	HASH(node_id)/1	3
genetic_alteration	genetic_profile_id	BIGINT	NO	DUPLICATE KEY	genetic_profile_id	HASH(genetic_profile_id)/1	13
genetic_alteration	genetic_entity_id	BIGINT	NO	DUPLICATE KEY	genetic_profile_id	HASH(genetic_profile_id)/1	13
genetic_alteration	values	VARCHAR(65533)	NO	DUPLICATE KEY	genetic_profile_id	HASH(genetic_profile_id)/1	13
genetic_entity	id	BIGINT	NO	DUPLICATE KEY	id	HASH(id)/1	6
genetic_entity	entity_type	VARCHAR(2048)	NO	DUPLICATE KEY	id	HASH(id)/1	6
genetic_entity	stable_id	VARCHAR(2048)	YES	DUPLICATE KEY	id	HASH(id)/1	6
genetic_profile	genetic_profile_id	BIGINT	NO	DUPLICATE KEY	genetic_profile_id	HASH(genetic_profile_id)/1	12
genetic_profile	stable_id	VARCHAR(2048)	NO	DUPLICATE KEY	genetic_profile_id	HASH(genetic_profile_id)/1	12
genetic_profile	cancer_study_id	BIGINT	NO	DUPLICATE KEY	genetic_profile_id	HASH(genetic_profile_id)/1	12
genetic_profile	genetic_alteration_type	VARCHAR(2048)	NO	DUPLICATE KEY	genetic_profile_id	HASH(genetic_profile_id)/1	12
genetic_profile	generic_assay_type	VARCHAR(2048)	YES	DUPLICATE KEY	genetic_profile_id	HASH(genetic_profile_id)/1	12
genetic_profile	datatype	VARCHAR(2048)	NO	DUPLICATE KEY	genetic_profile_id	HASH(genetic_profile_id)/1	12
genetic_profile	name	VARCHAR(2048)	NO	DUPLICATE KEY	genetic_profile_id	HASH(genetic_profile_id)/1	12
genetic_profile	description	VARCHAR(65533)	YES	DUPLICATE KEY	genetic_profile_id	HASH(genetic_profile_id)/1	12
genetic_profile	show_profile_in_analysis_tab	INT	NO	DUPLICATE KEY	genetic_profile_id	HASH(genetic_profile_id)/1	12
genetic_profile	pivot_threshold	DOUBLE	YES	DUPLICATE KEY	genetic_profile_id	HASH(genetic_profile_id)/1	12
genetic_profile	sort_order	VARCHAR(2048)	YES	DUPLICATE KEY	genetic_profile_id	HASH(genetic_profile_id)/1	12
genetic_profile	patient_level	INT	YES	DUPLICATE KEY	genetic_profile_id	HASH(genetic_profile_id)/1	12
genetic_profile_link	referring_genetic_profile_id	BIGINT	NO	DUPLICATE KEY	referring_genetic_profile_id	HASH(referring_genetic_profile_id)/1	1
genetic_profile_link	referred_genetic_profile_id	BIGINT	NO	DUPLICATE KEY	referring_genetic_profile_id	HASH(referring_genetic_profile_id)/1	1
genetic_profile_link	reference_type	VARCHAR(2048)	YES	DUPLICATE KEY	referring_genetic_profile_id	HASH(referring_genetic_profile_id)/1	1
genetic_profile_samples	genetic_profile_id	BIGINT	NO	DUPLICATE KEY	genetic_profile_id	HASH(genetic_profile_id)/1	10
genetic_profile_samples	ordered_sample_list	VARCHAR(65533)	NO	DUPLICATE KEY	genetic_profile_id	HASH(genetic_profile_id)/1	10
gistic	gistic_roi_id	BIGINT	NO	DUPLICATE KEY	gistic_roi_id	HASH(gistic_roi_id)/1	1
gistic	cancer_study_id	BIGINT	NO	DUPLICATE KEY	gistic_roi_id	HASH(gistic_roi_id)/1	1
gistic	chromosome	BIGINT	NO	DUPLICATE KEY	gistic_roi_id	HASH(gistic_roi_id)/1	1
gistic	cytoband	VARCHAR(2048)	NO	DUPLICATE KEY	gistic_roi_id	HASH(gistic_roi_id)/1	1
gistic	wide_peak_start	BIGINT	NO	DUPLICATE KEY	gistic_roi_id	HASH(gistic_roi_id)/1	1
gistic	wide_peak_end	BIGINT	NO	DUPLICATE KEY	gistic_roi_id	HASH(gistic_roi_id)/1	1
gistic	q_value	DOUBLE	NO	DUPLICATE KEY	gistic_roi_id	HASH(gistic_roi_id)/1	1
gistic	amp	INT	NO	DUPLICATE KEY	gistic_roi_id	HASH(gistic_roi_id)/1	1
gistic_to_gene	gistic_roi_id	BIGINT	NO	DUPLICATE KEY	gistic_roi_id	HASH(gistic_roi_id)/1	1
gistic_to_gene	entrez_gene_id	BIGINT	NO	DUPLICATE KEY	gistic_roi_id	HASH(gistic_roi_id)/1	1
info	db_schema_version	VARCHAR(255)	NO	DUPLICATE KEY	db_schema_version	HASH(db_schema_version)/1	1
info	geneset_version	VARCHAR(2048)	YES	DUPLICATE KEY	db_schema_version	HASH(db_schema_version)/1	1
info	derived_table_schema_version	VARCHAR(2048)	YES	DUPLICATE KEY	db_schema_version	HASH(db_schema_version)/1	1
info	gene_table_version	VARCHAR(2048)	YES	DUPLICATE KEY	db_schema_version	HASH(db_schema_version)/1	1
mut_sig	cancer_study_id	BIGINT	NO	DUPLICATE KEY	cancer_study_id	HASH(cancer_study_id)/1	1
mut_sig	entrez_gene_id	BIGINT	NO	DUPLICATE KEY	cancer_study_id	HASH(cancer_study_id)/1	1
mut_sig	rank	BIGINT	NO	DUPLICATE KEY	cancer_study_id	HASH(cancer_study_id)/1	1
mut_sig	NumBasesCovered	BIGINT	NO	DUPLICATE KEY	cancer_study_id	HASH(cancer_study_id)/1	1
mut_sig	NumMutations	BIGINT	NO	DUPLICATE KEY	cancer_study_id	HASH(cancer_study_id)/1	1
mut_sig	p_value	DOUBLE	NO	DUPLICATE KEY	cancer_study_id	HASH(cancer_study_id)/1	1
mut_sig	q_value	DOUBLE	NO	DUPLICATE KEY	cancer_study_id	HASH(cancer_study_id)/1	1
mutation	mutation_event_id	BIGINT	NO	DUPLICATE KEY	mutation_event_id	HASH(mutation_event_id)/1	5
mutation	genetic_profile_id	BIGINT	NO	DUPLICATE KEY	mutation_event_id	HASH(mutation_event_id)/1	5
mutation	sample_id	BIGINT	NO	DUPLICATE KEY	mutation_event_id	HASH(mutation_event_id)/1	5
mutation	entrez_gene_id	BIGINT	NO	DUPLICATE KEY	mutation_event_id	HASH(mutation_event_id)/1	5
mutation	center	VARCHAR(2048)	YES	DUPLICATE KEY	mutation_event_id	HASH(mutation_event_id)/1	5
mutation	sequencer	VARCHAR(2048)	YES	DUPLICATE KEY	mutation_event_id	HASH(mutation_event_id)/1	5
mutation	mutation_status	VARCHAR(2048)	YES	DUPLICATE KEY	mutation_event_id	HASH(mutation_event_id)/1	5
mutation	validation_status	VARCHAR(2048)	YES	DUPLICATE KEY	mutation_event_id	HASH(mutation_event_id)/1	5
mutation	tumor_seq_allele1	VARCHAR(2048)	YES	DUPLICATE KEY	mutation_event_id	HASH(mutation_event_id)/1	5
mutation	tumor_seq_allele2	VARCHAR(2048)	YES	DUPLICATE KEY	mutation_event_id	HASH(mutation_event_id)/1	5
mutation	matched_norm_sample_barcode	VARCHAR(2048)	YES	DUPLICATE KEY	mutation_event_id	HASH(mutation_event_id)/1	5
mutation	match_norm_seq_allele1	VARCHAR(2048)	YES	DUPLICATE KEY	mutation_event_id	HASH(mutation_event_id)/1	5
mutation	match_norm_seq_allele2	VARCHAR(2048)	YES	DUPLICATE KEY	mutation_event_id	HASH(mutation_event_id)/1	5
mutation	tumor_validation_allele1	VARCHAR(2048)	YES	DUPLICATE KEY	mutation_event_id	HASH(mutation_event_id)/1	5
mutation	tumor_validation_allele2	VARCHAR(2048)	YES	DUPLICATE KEY	mutation_event_id	HASH(mutation_event_id)/1	5
mutation	match_norm_validation_allele1	VARCHAR(2048)	YES	DUPLICATE KEY	mutation_event_id	HASH(mutation_event_id)/1	5
mutation	match_norm_validation_allele2	VARCHAR(2048)	YES	DUPLICATE KEY	mutation_event_id	HASH(mutation_event_id)/1	5
mutation	verification_status	VARCHAR(2048)	YES	DUPLICATE KEY	mutation_event_id	HASH(mutation_event_id)/1	5
mutation	sequencing_phase	VARCHAR(2048)	YES	DUPLICATE KEY	mutation_event_id	HASH(mutation_event_id)/1	5
mutation	sequence_source	VARCHAR(2048)	NO	DUPLICATE KEY	mutation_event_id	HASH(mutation_event_id)/1	5
mutation	validation_method	VARCHAR(2048)	YES	DUPLICATE KEY	mutation_event_id	HASH(mutation_event_id)/1	5
mutation	score	VARCHAR(2048)	YES	DUPLICATE KEY	mutation_event_id	HASH(mutation_event_id)/1	5
mutation	bam_file	VARCHAR(2048)	YES	DUPLICATE KEY	mutation_event_id	HASH(mutation_event_id)/1	5
mutation	tumor_alt_count	BIGINT	YES	DUPLICATE KEY	mutation_event_id	HASH(mutation_event_id)/1	5
mutation	tumor_ref_count	BIGINT	YES	DUPLICATE KEY	mutation_event_id	HASH(mutation_event_id)/1	5
mutation	normal_alt_count	BIGINT	YES	DUPLICATE KEY	mutation_event_id	HASH(mutation_event_id)/1	5
mutation	normal_ref_count	BIGINT	YES	DUPLICATE KEY	mutation_event_id	HASH(mutation_event_id)/1	5
mutation	amino_acid_change	VARCHAR(2048)	YES	DUPLICATE KEY	mutation_event_id	HASH(mutation_event_id)/1	5
mutation	annotation_json	VARCHAR(65533)	YES	DUPLICATE KEY	mutation_event_id	HASH(mutation_event_id)/1	5
mutation_count_by_keyword	genetic_profile_id	BIGINT	NO	DUPLICATE KEY	genetic_profile_id	HASH(genetic_profile_id)/1	2
mutation_count_by_keyword	keyword	VARCHAR(2048)	YES	DUPLICATE KEY	genetic_profile_id	HASH(genetic_profile_id)/1	2
mutation_count_by_keyword	entrez_gene_id	BIGINT	NO	DUPLICATE KEY	genetic_profile_id	HASH(genetic_profile_id)/1	2
mutation_count_by_keyword	keyword_count	BIGINT	NO	DUPLICATE KEY	genetic_profile_id	HASH(genetic_profile_id)/1	2
mutation_count_by_keyword	gene_count	BIGINT	NO	DUPLICATE KEY	genetic_profile_id	HASH(genetic_profile_id)/1	2
mutation_event	mutation_event_id	BIGINT	NO	DUPLICATE KEY	mutation_event_id	HASH(mutation_event_id)/1	4
mutation_event	entrez_gene_id	BIGINT	NO	DUPLICATE KEY	mutation_event_id	HASH(mutation_event_id)/1	4
mutation_event	chr	VARCHAR(2048)	YES	DUPLICATE KEY	mutation_event_id	HASH(mutation_event_id)/1	4
mutation_event	start_position	BIGINT	YES	DUPLICATE KEY	mutation_event_id	HASH(mutation_event_id)/1	4
mutation_event	end_position	BIGINT	YES	DUPLICATE KEY	mutation_event_id	HASH(mutation_event_id)/1	4
mutation_event	reference_allele	VARCHAR(2048)	YES	DUPLICATE KEY	mutation_event_id	HASH(mutation_event_id)/1	4
mutation_event	tumor_seq_allele	VARCHAR(2048)	YES	DUPLICATE KEY	mutation_event_id	HASH(mutation_event_id)/1	4
mutation_event	protein_change	VARCHAR(2048)	YES	DUPLICATE KEY	mutation_event_id	HASH(mutation_event_id)/1	4
mutation_event	mutation_type	VARCHAR(2048)	YES	DUPLICATE KEY	mutation_event_id	HASH(mutation_event_id)/1	4
mutation_event	ncbi_build	VARCHAR(2048)	YES	DUPLICATE KEY	mutation_event_id	HASH(mutation_event_id)/1	4
mutation_event	strand	VARCHAR(2048)	YES	DUPLICATE KEY	mutation_event_id	HASH(mutation_event_id)/1	4
mutation_event	variant_type	VARCHAR(2048)	YES	DUPLICATE KEY	mutation_event_id	HASH(mutation_event_id)/1	4
mutation_event	db_snp_rs	VARCHAR(2048)	YES	DUPLICATE KEY	mutation_event_id	HASH(mutation_event_id)/1	4
mutation_event	db_snp_val_status	VARCHAR(2048)	YES	DUPLICATE KEY	mutation_event_id	HASH(mutation_event_id)/1	4
mutation_event	refseq_mrna_id	VARCHAR(2048)	YES	DUPLICATE KEY	mutation_event_id	HASH(mutation_event_id)/1	4
mutation_event	codon_change	VARCHAR(2048)	YES	DUPLICATE KEY	mutation_event_id	HASH(mutation_event_id)/1	4
mutation_event	uniprot_accession	VARCHAR(2048)	YES	DUPLICATE KEY	mutation_event_id	HASH(mutation_event_id)/1	4
mutation_event	protein_pos_start	BIGINT	YES	DUPLICATE KEY	mutation_event_id	HASH(mutation_event_id)/1	4
mutation_event	protein_pos_end	BIGINT	YES	DUPLICATE KEY	mutation_event_id	HASH(mutation_event_id)/1	4
mutation_event	canonical_transcript	INT	YES	DUPLICATE KEY	mutation_event_id	HASH(mutation_event_id)/1	4
mutation_event	keyword	VARCHAR(2048)	YES	DUPLICATE KEY	mutation_event_id	HASH(mutation_event_id)/1	4
patient	internal_id	BIGINT	NO	DUPLICATE KEY	internal_id	HASH(internal_id)/1	6
patient	stable_id	VARCHAR(2048)	NO	DUPLICATE KEY	internal_id	HASH(internal_id)/1	6
patient	cancer_study_id	BIGINT	NO	DUPLICATE KEY	internal_id	HASH(internal_id)/1	6
reference_genome	reference_genome_id	BIGINT	NO	DUPLICATE KEY	reference_genome_id	HASH(reference_genome_id)/1	1
reference_genome	species	VARCHAR(2048)	NO	DUPLICATE KEY	reference_genome_id	HASH(reference_genome_id)/1	1
reference_genome	name	VARCHAR(2048)	NO	DUPLICATE KEY	reference_genome_id	HASH(reference_genome_id)/1	1
reference_genome	build_name	VARCHAR(2048)	NO	DUPLICATE KEY	reference_genome_id	HASH(reference_genome_id)/1	1
reference_genome	genome_size	BIGINT	YES	DUPLICATE KEY	reference_genome_id	HASH(reference_genome_id)/1	1
reference_genome	url	VARCHAR(2048)	NO	DUPLICATE KEY	reference_genome_id	HASH(reference_genome_id)/1	1
reference_genome	release_date	DATETIME	YES	DUPLICATE KEY	reference_genome_id	HASH(reference_genome_id)/1	1
reference_genome_gene	entrez_gene_id	BIGINT	NO	DUPLICATE KEY	entrez_gene_id	HASH(entrez_gene_id)/1	3
reference_genome_gene	reference_genome_id	BIGINT	NO	DUPLICATE KEY	entrez_gene_id	HASH(entrez_gene_id)/1	3
reference_genome_gene	chr	VARCHAR(2048)	YES	DUPLICATE KEY	entrez_gene_id	HASH(entrez_gene_id)/1	3
reference_genome_gene	cytoband	VARCHAR(2048)	YES	DUPLICATE KEY	entrez_gene_id	HASH(entrez_gene_id)/1	3
reference_genome_gene	start	BIGINT	YES	DUPLICATE KEY	entrez_gene_id	HASH(entrez_gene_id)/1	3
reference_genome_gene	end	BIGINT	YES	DUPLICATE KEY	entrez_gene_id	HASH(entrez_gene_id)/1	3
resource_definition	resource_id	VARCHAR(255)	NO	DUPLICATE KEY	resource_id	HASH(resource_id)/1	3
resource_definition	display_name	VARCHAR(2048)	NO	DUPLICATE KEY	resource_id	HASH(resource_id)/1	3
resource_definition	description	VARCHAR(65533)	YES	DUPLICATE KEY	resource_id	HASH(resource_id)/1	3
resource_definition	resource_type	VARCHAR(2048)	NO	DUPLICATE KEY	resource_id	HASH(resource_id)/1	3
resource_definition	open_by_default	INT	YES	DUPLICATE KEY	resource_id	HASH(resource_id)/1	3
resource_definition	priority	BIGINT	NO	DUPLICATE KEY	resource_id	HASH(resource_id)/1	3
resource_definition	cancer_study_id	BIGINT	NO	DUPLICATE KEY	resource_id	HASH(resource_id)/1	3
resource_definition	custom_metadata	VARCHAR(65533)	YES	DUPLICATE KEY	resource_id	HASH(resource_id)/1	3
resource_patient	internal_id	BIGINT	NO	DUPLICATE KEY	internal_id	HASH(internal_id)/1	1
resource_patient	resource_id	VARCHAR(2048)	NO	DUPLICATE KEY	internal_id	HASH(internal_id)/1	1
resource_patient	url	VARCHAR(2048)	NO	DUPLICATE KEY	internal_id	HASH(internal_id)/1	1
resource_sample	internal_id	BIGINT	NO	DUPLICATE KEY	internal_id	HASH(internal_id)/1	1
resource_sample	resource_id	VARCHAR(2048)	NO	DUPLICATE KEY	internal_id	HASH(internal_id)/1	1
resource_sample	url	VARCHAR(2048)	NO	DUPLICATE KEY	internal_id	HASH(internal_id)/1	1
resource_study	internal_id	BIGINT	NO	DUPLICATE KEY	internal_id	HASH(internal_id)/1	1
resource_study	resource_id	VARCHAR(2048)	NO	DUPLICATE KEY	internal_id	HASH(internal_id)/1	1
resource_study	url	VARCHAR(2048)	NO	DUPLICATE KEY	internal_id	HASH(internal_id)/1	1
schema_migrations	version	VARCHAR(64)	NO	DUPLICATE KEY	version	HASH(version)/1	1
schema_migrations	description	VARCHAR(255)	NO	DUPLICATE KEY	version	HASH(version)/1	1
schema_migrations	installed_on	DATETIME	NO	DUPLICATE KEY	version	HASH(version)/1	1
sample	internal_id	BIGINT	NO	DUPLICATE KEY	internal_id	HASH(internal_id)/1	8
sample	stable_id	VARCHAR(2048)	NO	DUPLICATE KEY	internal_id	HASH(internal_id)/1	8
sample	sample_type	VARCHAR(2048)	NO	DUPLICATE KEY	internal_id	HASH(internal_id)/1	8
sample	patient_id	BIGINT	NO	DUPLICATE KEY	internal_id	HASH(internal_id)/1	8
sample_cna_event	cna_event_id	BIGINT	NO	DUPLICATE KEY	cna_event_id	HASH(cna_event_id)/1	3
sample_cna_event	sample_id	BIGINT	NO	DUPLICATE KEY	cna_event_id	HASH(cna_event_id)/1	3
sample_cna_event	genetic_profile_id	BIGINT	NO	DUPLICATE KEY	cna_event_id	HASH(cna_event_id)/1	3
sample_cna_event	annotation_json	VARCHAR(65533)	YES	DUPLICATE KEY	cna_event_id	HASH(cna_event_id)/1	3
sample_list	list_id	BIGINT	NO	DUPLICATE KEY	list_id	HASH(list_id)/1	6
sample_list	stable_id	VARCHAR(2048)	NO	DUPLICATE KEY	list_id	HASH(list_id)/1	6
sample_list	category	VARCHAR(2048)	NO	DUPLICATE KEY	list_id	HASH(list_id)/1	6
sample_list	cancer_study_id	BIGINT	NO	DUPLICATE KEY	list_id	HASH(list_id)/1	6
sample_list	name	VARCHAR(2048)	NO	DUPLICATE KEY	list_id	HASH(list_id)/1	6
sample_list	description	VARCHAR(65533)	YES	DUPLICATE KEY	list_id	HASH(list_id)/1	6
sample_list_list	list_id	BIGINT	NO	DUPLICATE KEY	list_id	HASH(list_id)/1	24
sample_list_list	sample_id	BIGINT	NO	DUPLICATE KEY	list_id	HASH(list_id)/1	24
sample_profile	sample_id	BIGINT	NO	DUPLICATE KEY	sample_id	HASH(sample_id)/1	24
sample_profile	genetic_profile_id	BIGINT	NO	DUPLICATE KEY	sample_id	HASH(sample_id)/1	24
sample_profile	panel_id	BIGINT	YES	DUPLICATE KEY	sample_id	HASH(sample_id)/1	24
structural_variant	internal_id	BIGINT	NO	DUPLICATE KEY	internal_id	HASH(internal_id)/1	2
structural_variant	genetic_profile_id	BIGINT	NO	DUPLICATE KEY	internal_id	HASH(internal_id)/1	2
structural_variant	sample_id	BIGINT	NO	DUPLICATE KEY	internal_id	HASH(internal_id)/1	2
structural_variant	site1_entrez_gene_id	BIGINT	YES	DUPLICATE KEY	internal_id	HASH(internal_id)/1	2
structural_variant	site1_ensembl_transcript_id	VARCHAR(2048)	YES	DUPLICATE KEY	internal_id	HASH(internal_id)/1	2
structural_variant	site1_chromosome	VARCHAR(2048)	YES	DUPLICATE KEY	internal_id	HASH(internal_id)/1	2
structural_variant	site1_region	VARCHAR(2048)	YES	DUPLICATE KEY	internal_id	HASH(internal_id)/1	2
structural_variant	site1_region_number	BIGINT	YES	DUPLICATE KEY	internal_id	HASH(internal_id)/1	2
structural_variant	site1_contig	VARCHAR(2048)	YES	DUPLICATE KEY	internal_id	HASH(internal_id)/1	2
structural_variant	site1_position	BIGINT	YES	DUPLICATE KEY	internal_id	HASH(internal_id)/1	2
structural_variant	site1_description	VARCHAR(2048)	YES	DUPLICATE KEY	internal_id	HASH(internal_id)/1	2
structural_variant	site2_entrez_gene_id	BIGINT	YES	DUPLICATE KEY	internal_id	HASH(internal_id)/1	2
structural_variant	site2_ensembl_transcript_id	VARCHAR(2048)	YES	DUPLICATE KEY	internal_id	HASH(internal_id)/1	2
structural_variant	site2_chromosome	VARCHAR(2048)	YES	DUPLICATE KEY	internal_id	HASH(internal_id)/1	2
structural_variant	site2_region	VARCHAR(2048)	YES	DUPLICATE KEY	internal_id	HASH(internal_id)/1	2
structural_variant	site2_region_number	BIGINT	YES	DUPLICATE KEY	internal_id	HASH(internal_id)/1	2
structural_variant	site2_contig	VARCHAR(2048)	YES	DUPLICATE KEY	internal_id	HASH(internal_id)/1	2
structural_variant	site2_position	BIGINT	YES	DUPLICATE KEY	internal_id	HASH(internal_id)/1	2
structural_variant	site2_description	VARCHAR(2048)	YES	DUPLICATE KEY	internal_id	HASH(internal_id)/1	2
structural_variant	site2_effect_on_frame	VARCHAR(2048)	YES	DUPLICATE KEY	internal_id	HASH(internal_id)/1	2
structural_variant	ncbi_build	VARCHAR(2048)	YES	DUPLICATE KEY	internal_id	HASH(internal_id)/1	2
structural_variant	dna_support	VARCHAR(2048)	YES	DUPLICATE KEY	internal_id	HASH(internal_id)/1	2
structural_variant	rna_support	VARCHAR(2048)	YES	DUPLICATE KEY	internal_id	HASH(internal_id)/1	2
structural_variant	normal_read_count	BIGINT	YES	DUPLICATE KEY	internal_id	HASH(internal_id)/1	2
structural_variant	tumor_read_count	BIGINT	YES	DUPLICATE KEY	internal_id	HASH(internal_id)/1	2
structural_variant	normal_variant_count	BIGINT	YES	DUPLICATE KEY	internal_id	HASH(internal_id)/1	2
structural_variant	tumor_variant_count	BIGINT	YES	DUPLICATE KEY	internal_id	HASH(internal_id)/1	2
structural_variant	normal_paired_end_read_count	BIGINT	YES	DUPLICATE KEY	internal_id	HASH(internal_id)/1	2
structural_variant	tumor_paired_end_read_count	BIGINT	YES	DUPLICATE KEY	internal_id	HASH(internal_id)/1	2
structural_variant	normal_split_read_count	BIGINT	YES	DUPLICATE KEY	internal_id	HASH(internal_id)/1	2
structural_variant	tumor_split_read_count	BIGINT	YES	DUPLICATE KEY	internal_id	HASH(internal_id)/1	2
structural_variant	annotation	VARCHAR(65533)	YES	DUPLICATE KEY	internal_id	HASH(internal_id)/1	2
structural_variant	breakpoint_type	VARCHAR(2048)	YES	DUPLICATE KEY	internal_id	HASH(internal_id)/1	2
structural_variant	connection_type	VARCHAR(2048)	YES	DUPLICATE KEY	internal_id	HASH(internal_id)/1	2
structural_variant	event_info	VARCHAR(65533)	YES	DUPLICATE KEY	internal_id	HASH(internal_id)/1	2
structural_variant	class	VARCHAR(2048)	YES	DUPLICATE KEY	internal_id	HASH(internal_id)/1	2
structural_variant	length	BIGINT	YES	DUPLICATE KEY	internal_id	HASH(internal_id)/1	2
structural_variant	comments	VARCHAR(65533)	YES	DUPLICATE KEY	internal_id	HASH(internal_id)/1	2
structural_variant	sv_status	VARCHAR(2048)	NO	DUPLICATE KEY	internal_id	HASH(internal_id)/1	2
structural_variant	annotation_json	VARCHAR(65533)	YES	DUPLICATE KEY	internal_id	HASH(internal_id)/1	2
type_of_cancer	type_of_cancer_id	VARCHAR(255)	NO	DUPLICATE KEY	type_of_cancer_id	HASH(type_of_cancer_id)/1	3
type_of_cancer	name	VARCHAR(2048)	NO	DUPLICATE KEY	type_of_cancer_id	HASH(type_of_cancer_id)/1	3
type_of_cancer	dedicated_color	VARCHAR(2048)	NO	DUPLICATE KEY	type_of_cancer_id	HASH(type_of_cancer_id)/1	3
type_of_cancer	short_name	VARCHAR(2048)	YES	DUPLICATE KEY	type_of_cancer_id	HASH(type_of_cancer_id)/1	3
type_of_cancer	parent	VARCHAR(2048)	YES	DUPLICATE KEY	type_of_cancer_id	HASH(type_of_cancer_id)/1	3
users	email	VARCHAR(255)	NO	DUPLICATE KEY	email	HASH(email)/1	0
users	name	VARCHAR(2048)	NO	DUPLICATE KEY	email	HASH(email)/1	0
users	enabled	INT	NO	DUPLICATE KEY	email	HASH(email)/1	0
sample_to_gene_panel_derived	sample_unique_id	VARCHAR(255)	NO	DUPLICATE KEY	sample_unique_id	HASH(sample_unique_id)/1	24
sample_to_gene_panel_derived	alteration_type	VARCHAR(255)	NO	DUPLICATE KEY	sample_unique_id	HASH(sample_unique_id)/1	24
sample_to_gene_panel_derived	gene_panel_id	VARCHAR(255)	NO	DUPLICATE KEY	sample_unique_id	HASH(sample_unique_id)/1	24
sample_to_gene_panel_derived	cancer_study_identifier	VARCHAR(255)	NO	DUPLICATE KEY	sample_unique_id	HASH(sample_unique_id)/1	24
sample_to_gene_panel_derived	genetic_profile_id	VARCHAR(255)	NO	DUPLICATE KEY	sample_unique_id	HASH(sample_unique_id)/1	24
gene_panel_to_gene_derived	gene_panel_id	VARCHAR(255)	NO	DUPLICATE KEY	gene_panel_id	HASH(gene_panel_id)/1	5
gene_panel_to_gene_derived	gene	VARCHAR(2048)	NO	DUPLICATE KEY	gene_panel_id	HASH(gene_panel_id)/1	5
sample_derived	sample_unique_id	VARCHAR(255)	NO	DUPLICATE KEY	sample_unique_id	HASH(sample_unique_id)/1	8
sample_derived	sample_unique_id_base64	VARCHAR(2048)	NO	DUPLICATE KEY	sample_unique_id	HASH(sample_unique_id)/1	8
sample_derived	sample_stable_id	VARCHAR(2048)	NO	DUPLICATE KEY	sample_unique_id	HASH(sample_unique_id)/1	8
sample_derived	patient_unique_id	VARCHAR(2048)	NO	DUPLICATE KEY	sample_unique_id	HASH(sample_unique_id)/1	8
sample_derived	patient_unique_id_base64	VARCHAR(2048)	NO	DUPLICATE KEY	sample_unique_id	HASH(sample_unique_id)/1	8
sample_derived	patient_stable_id	VARCHAR(2048)	NO	DUPLICATE KEY	sample_unique_id	HASH(sample_unique_id)/1	8
sample_derived	cancer_study_identifier	VARCHAR(255)	NO	DUPLICATE KEY	sample_unique_id	HASH(sample_unique_id)/1	8
sample_derived	internal_id	INT	NO	DUPLICATE KEY	sample_unique_id	HASH(sample_unique_id)/1	8
sample_derived	patient_internal_id	INT	NO	DUPLICATE KEY	sample_unique_id	HASH(sample_unique_id)/1	8
sample_derived	sample_type	VARCHAR(2048)	NO	DUPLICATE KEY	sample_unique_id	HASH(sample_unique_id)/1	8
sample_derived	sequenced	INT	NO	DUPLICATE KEY	sample_unique_id	HASH(sample_unique_id)/1	8
sample_derived	copy_number_segment_present	INT	NO	DUPLICATE KEY	sample_unique_id	HASH(sample_unique_id)/1	8
genomic_event_derived	sample_unique_id	VARCHAR(255)	NO	DUPLICATE KEY	sample_unique_id	HASH(sample_unique_id)/1	8
genomic_event_derived	hugo_gene_symbol	VARCHAR(2048)	NO	DUPLICATE KEY	sample_unique_id	HASH(sample_unique_id)/1	8
genomic_event_derived	entrez_gene_id	INT	NO	DUPLICATE KEY	sample_unique_id	HASH(sample_unique_id)/1	8
genomic_event_derived	gene_panel_stable_id	VARCHAR(255)	NO	DUPLICATE KEY	sample_unique_id	HASH(sample_unique_id)/1	8
genomic_event_derived	cancer_study_identifier	VARCHAR(255)	NO	DUPLICATE KEY	sample_unique_id	HASH(sample_unique_id)/1	8
genomic_event_derived	genetic_profile_stable_id	VARCHAR(255)	NO	DUPLICATE KEY	sample_unique_id	HASH(sample_unique_id)/1	8
genomic_event_derived	variant_type	VARCHAR(255)	NO	DUPLICATE KEY	sample_unique_id	HASH(sample_unique_id)/1	8
genomic_event_derived	mutation_variant	VARCHAR(2048)	NO	DUPLICATE KEY	sample_unique_id	HASH(sample_unique_id)/1	8
genomic_event_derived	mutation_type	VARCHAR(255)	NO	DUPLICATE KEY	sample_unique_id	HASH(sample_unique_id)/1	8
genomic_event_derived	mutation_status	VARCHAR(255)	NO	DUPLICATE KEY	sample_unique_id	HASH(sample_unique_id)/1	8
genomic_event_derived	driver_filter	VARCHAR(255)	NO	DUPLICATE KEY	sample_unique_id	HASH(sample_unique_id)/1	8
genomic_event_derived	driver_filter_annotation	VARCHAR(2048)	NO	DUPLICATE KEY	sample_unique_id	HASH(sample_unique_id)/1	8
genomic_event_derived	driver_tiers_filter	VARCHAR(255)	NO	DUPLICATE KEY	sample_unique_id	HASH(sample_unique_id)/1	8
genomic_event_derived	driver_tiers_filter_annotation	VARCHAR(2048)	NO	DUPLICATE KEY	sample_unique_id	HASH(sample_unique_id)/1	8
genomic_event_derived	cna_alteration	TINYINT	YES	DUPLICATE KEY	sample_unique_id	HASH(sample_unique_id)/1	8
genomic_event_derived	cna_cytoband	VARCHAR(2048)	NO	DUPLICATE KEY	sample_unique_id	HASH(sample_unique_id)/1	8
genomic_event_derived	sv_event_info	VARCHAR(65533)	NO	DUPLICATE KEY	sample_unique_id	HASH(sample_unique_id)/1	8
genomic_event_derived	patient_unique_id	VARCHAR(2048)	NO	DUPLICATE KEY	sample_unique_id	HASH(sample_unique_id)/1	8
genomic_event_derived	off_panel	BOOLEAN	NO	DUPLICATE KEY	sample_unique_id	HASH(sample_unique_id)/1	8
clinical_data_derived	internal_id	INT	NO	DUPLICATE KEY	internal_id	HASH(internal_id)/1	40
clinical_data_derived	sample_unique_id	VARCHAR(2048)	NO	DUPLICATE KEY	internal_id	HASH(internal_id)/1	40
clinical_data_derived	patient_unique_id	VARCHAR(2048)	NO	DUPLICATE KEY	internal_id	HASH(internal_id)/1	40
clinical_data_derived	attribute_name	VARCHAR(255)	NO	DUPLICATE KEY	internal_id	HASH(internal_id)/1	40
clinical_data_derived	attribute_value	VARCHAR(65533)	NO	DUPLICATE KEY	internal_id	HASH(internal_id)/1	40
clinical_data_derived	cancer_study_identifier	VARCHAR(255)	NO	DUPLICATE KEY	internal_id	HASH(internal_id)/1	40
clinical_data_derived	type	VARCHAR(255)	NO	DUPLICATE KEY	internal_id	HASH(internal_id)/1	40
clinical_event_derived	clinical_event_id	BIGINT	NO	DUPLICATE KEY	clinical_event_id	HASH(clinical_event_id)/1	6
clinical_event_derived	patient_id	BIGINT	YES	DUPLICATE KEY	clinical_event_id	HASH(clinical_event_id)/1	6
clinical_event_derived	patient_stable_id	VARCHAR(2048)	NO	DUPLICATE KEY	clinical_event_id	HASH(clinical_event_id)/1	6
clinical_event_derived	start_date	BIGINT	YES	DUPLICATE KEY	clinical_event_id	HASH(clinical_event_id)/1	6
clinical_event_derived	stop_date	BIGINT	YES	DUPLICATE KEY	clinical_event_id	HASH(clinical_event_id)/1	6
clinical_event_derived	event_type	VARCHAR(255)	NO	DUPLICATE KEY	clinical_event_id	HASH(clinical_event_id)/1	6
clinical_event_derived	cancer_study_identifier	VARCHAR(255)	NO	DUPLICATE KEY	clinical_event_id	HASH(clinical_event_id)/1	6
clinical_event_data_derived	patient_unique_id	VARCHAR(255)	NO	DUPLICATE KEY	patient_unique_id	HASH(patient_unique_id)/1	10
clinical_event_data_derived	key	VARCHAR(2048)	NO	DUPLICATE KEY	patient_unique_id	HASH(patient_unique_id)/1	10
clinical_event_data_derived	value	VARCHAR(65533)	NO	DUPLICATE KEY	patient_unique_id	HASH(patient_unique_id)/1	10
clinical_event_data_derived	start_date	INT	NO	DUPLICATE KEY	patient_unique_id	HASH(patient_unique_id)/1	10
clinical_event_data_derived	stop_date	INT	NO	DUPLICATE KEY	patient_unique_id	HASH(patient_unique_id)/1	10
clinical_event_data_derived	event_type	VARCHAR(255)	NO	DUPLICATE KEY	patient_unique_id	HASH(patient_unique_id)/1	10
clinical_event_data_derived	cancer_study_identifier	VARCHAR(255)	NO	DUPLICATE KEY	patient_unique_id	HASH(patient_unique_id)/1	10
genetic_alteration_derived	sample_unique_id	VARCHAR(255)	NO	DUPLICATE KEY	sample_unique_id	HASH(sample_unique_id)/1	16
genetic_alteration_derived	cancer_study_identifier	VARCHAR(255)	NO	DUPLICATE KEY	sample_unique_id	HASH(sample_unique_id)/1	16
genetic_alteration_derived	hugo_gene_symbol	VARCHAR(2048)	NO	DUPLICATE KEY	sample_unique_id	HASH(sample_unique_id)/1	16
genetic_alteration_derived	profile_type	VARCHAR(255)	NO	DUPLICATE KEY	sample_unique_id	HASH(sample_unique_id)/1	16
genetic_alteration_derived	alteration_value	VARCHAR(65533)	YES	DUPLICATE KEY	sample_unique_id	HASH(sample_unique_id)/1	16
generic_assay_data_derived	sample_unique_id	VARCHAR(255)	NO	DUPLICATE KEY	sample_unique_id	HASH(sample_unique_id)/1	14
generic_assay_data_derived	patient_unique_id	VARCHAR(2048)	NO	DUPLICATE KEY	sample_unique_id	HASH(sample_unique_id)/1	14
generic_assay_data_derived	genetic_entity_id	VARCHAR(2048)	NO	DUPLICATE KEY	sample_unique_id	HASH(sample_unique_id)/1	14
generic_assay_data_derived	value	VARCHAR(65533)	NO	DUPLICATE KEY	sample_unique_id	HASH(sample_unique_id)/1	14
generic_assay_data_derived	generic_assay_type	VARCHAR(2048)	NO	DUPLICATE KEY	sample_unique_id	HASH(sample_unique_id)/1	14
generic_assay_data_derived	profile_stable_id	VARCHAR(2048)	NO	DUPLICATE KEY	sample_unique_id	HASH(sample_unique_id)/1	14
generic_assay_data_derived	entity_stable_id	VARCHAR(2048)	NO	DUPLICATE KEY	sample_unique_id	HASH(sample_unique_id)/1	14
generic_assay_data_derived	datatype	VARCHAR(2048)	NO	DUPLICATE KEY	sample_unique_id	HASH(sample_unique_id)/1	14
generic_assay_data_derived	patient_level	INT	YES	DUPLICATE KEY	sample_unique_id	HASH(sample_unique_id)/1	14
generic_assay_data_derived	profile_type	VARCHAR(2048)	NO	DUPLICATE KEY	sample_unique_id	HASH(sample_unique_id)/1	14
mutation_derived	molecularProfileId	VARCHAR(255)	NO	DUPLICATE KEY	molecularProfileId	HASH(molecularProfileId)/1	5
mutation_derived	sampleId	VARCHAR(2048)	NO	DUPLICATE KEY	molecularProfileId	HASH(molecularProfileId)/1	5
mutation_derived	sampleInternalId	BIGINT	NO	DUPLICATE KEY	molecularProfileId	HASH(molecularProfileId)/1	5
mutation_derived	patientId	VARCHAR(2048)	NO	DUPLICATE KEY	molecularProfileId	HASH(molecularProfileId)/1	5
mutation_derived	entrezGeneId	BIGINT	NO	DUPLICATE KEY	molecularProfileId	HASH(molecularProfileId)/1	5
mutation_derived	studyId	VARCHAR(2048)	NO	DUPLICATE KEY	molecularProfileId	HASH(molecularProfileId)/1	5
mutation_derived	center	VARCHAR(2048)	YES	DUPLICATE KEY	molecularProfileId	HASH(molecularProfileId)/1	5
mutation_derived	mutationStatus	VARCHAR(2048)	YES	DUPLICATE KEY	molecularProfileId	HASH(molecularProfileId)/1	5
mutation_derived	validationStatus	VARCHAR(2048)	YES	DUPLICATE KEY	molecularProfileId	HASH(molecularProfileId)/1	5
mutation_derived	tumorAltCount	BIGINT	YES	DUPLICATE KEY	molecularProfileId	HASH(molecularProfileId)/1	5
mutation_derived	tumorRefCount	BIGINT	YES	DUPLICATE KEY	molecularProfileId	HASH(molecularProfileId)/1	5
mutation_derived	normalAltCount	BIGINT	YES	DUPLICATE KEY	molecularProfileId	HASH(molecularProfileId)/1	5
mutation_derived	normalRefCount	BIGINT	YES	DUPLICATE KEY	molecularProfileId	HASH(molecularProfileId)/1	5
mutation_derived	aminoAcidChange	VARCHAR(2048)	YES	DUPLICATE KEY	molecularProfileId	HASH(molecularProfileId)/1	5
mutation_derived	chr	VARCHAR(2048)	YES	DUPLICATE KEY	molecularProfileId	HASH(molecularProfileId)/1	5
mutation_derived	startPosition	BIGINT	YES	DUPLICATE KEY	molecularProfileId	HASH(molecularProfileId)/1	5
mutation_derived	endPosition	BIGINT	YES	DUPLICATE KEY	molecularProfileId	HASH(molecularProfileId)/1	5
mutation_derived	referenceAllele	VARCHAR(2048)	YES	DUPLICATE KEY	molecularProfileId	HASH(molecularProfileId)/1	5
mutation_derived	tumorSeqAllele	VARCHAR(2048)	YES	DUPLICATE KEY	molecularProfileId	HASH(molecularProfileId)/1	5
mutation_derived	proteinChange	VARCHAR(2048)	YES	DUPLICATE KEY	molecularProfileId	HASH(molecularProfileId)/1	5
mutation_derived	mutationType	VARCHAR(2048)	YES	DUPLICATE KEY	molecularProfileId	HASH(molecularProfileId)/1	5
mutation_derived	ncbiBuild	VARCHAR(2048)	YES	DUPLICATE KEY	molecularProfileId	HASH(molecularProfileId)/1	5
mutation_derived	variantType	VARCHAR(2048)	YES	DUPLICATE KEY	molecularProfileId	HASH(molecularProfileId)/1	5
mutation_derived	refseqMrnaId	VARCHAR(2048)	YES	DUPLICATE KEY	molecularProfileId	HASH(molecularProfileId)/1	5
mutation_derived	proteinPosStart	BIGINT	YES	DUPLICATE KEY	molecularProfileId	HASH(molecularProfileId)/1	5
mutation_derived	proteinPosEnd	BIGINT	YES	DUPLICATE KEY	molecularProfileId	HASH(molecularProfileId)/1	5
mutation_derived	keyword	VARCHAR(2048)	YES	DUPLICATE KEY	molecularProfileId	HASH(molecularProfileId)/1	5
mutation_derived	annotationJSON	VARCHAR(65533)	YES	DUPLICATE KEY	molecularProfileId	HASH(molecularProfileId)/1	5
mutation_derived	driverFilter	VARCHAR(2048)	YES	DUPLICATE KEY	molecularProfileId	HASH(molecularProfileId)/1	5
mutation_derived	driverFilterAnnotation	VARCHAR(65533)	YES	DUPLICATE KEY	molecularProfileId	HASH(molecularProfileId)/1	5
mutation_derived	driverTiersFilter	VARCHAR(2048)	YES	DUPLICATE KEY	molecularProfileId	HASH(molecularProfileId)/1	5
mutation_derived	driverTiersFilterAnnotation	VARCHAR(65533)	YES	DUPLICATE KEY	molecularProfileId	HASH(molecularProfileId)/1	5
mutation_derived	GENE.entrezGeneId	BIGINT	YES	DUPLICATE KEY	molecularProfileId	HASH(molecularProfileId)/1	5
mutation_derived	GENE.hugoGeneSymbol	VARCHAR(2048)	YES	DUPLICATE KEY	molecularProfileId	HASH(molecularProfileId)/1	5
mutation_derived	GENE.type	VARCHAR(2048)	YES	DUPLICATE KEY	molecularProfileId	HASH(molecularProfileId)/1	5
mutation_derived	alleleSpecificCopyNumber.ascnIntegerCopyNumber	BIGINT	YES	DUPLICATE KEY	molecularProfileId	HASH(molecularProfileId)/1	5
mutation_derived	alleleSpecificCopyNumber.ascnMethod	VARCHAR(2048)	YES	DUPLICATE KEY	molecularProfileId	HASH(molecularProfileId)/1	5
mutation_derived	alleleSpecificCopyNumber.ccfExpectedCopiesUpper	DOUBLE	YES	DUPLICATE KEY	molecularProfileId	HASH(molecularProfileId)/1	5
mutation_derived	alleleSpecificCopyNumber.ccfExpectedCopies	DOUBLE	YES	DUPLICATE KEY	molecularProfileId	HASH(molecularProfileId)/1	5
mutation_derived	alleleSpecificCopyNumber.clonal	VARCHAR(2048)	YES	DUPLICATE KEY	molecularProfileId	HASH(molecularProfileId)/1	5
mutation_derived	alleleSpecificCopyNumber.minorCopyNumber	BIGINT	YES	DUPLICATE KEY	molecularProfileId	HASH(molecularProfileId)/1	5
mutation_derived	alleleSpecificCopyNumber.expectedAltCopies	BIGINT	YES	DUPLICATE KEY	molecularProfileId	HASH(molecularProfileId)/1	5
mutation_derived	alleleSpecificCopyNumber.totalCopyNumber	BIGINT	YES	DUPLICATE KEY	molecularProfileId	HASH(molecularProfileId)/1	5
generic_assay_profile_entity_derived	profile_stable_id	VARCHAR(255)	NO	DUPLICATE KEY	profile_stable_id	HASH(profile_stable_id)/1	4
generic_assay_profile_entity_derived	entity_stable_id	VARCHAR(2048)	NO	DUPLICATE KEY	profile_stable_id	HASH(profile_stable_id)/1	4
generic_assay_meta_derived	entity_stable_id	VARCHAR(255)	NO	DUPLICATE KEY	entity_stable_id	HASH(entity_stable_id)/1	2
generic_assay_meta_derived	entity_type	VARCHAR(255)	NO	DUPLICATE KEY	entity_stable_id	HASH(entity_stable_id)/1	2
generic_assay_meta_derived	properties	MAP<VARCHAR(255), VARCHAR(2048)>	YES	DUPLICATE KEY	entity_stable_id	HASH(entity_stable_id)/1	2
